/*
Navicat MySQL Data Transfer

Source Server         : 127.0.0.1
Source Server Version : 50626
Source Host           : localhost:3306
Source Database       : newsapp

Target Server Type    : MYSQL
Target Server Version : 50626
File Encoding         : 65001

Date: 2019-09-22 23:04:44
*/

SET FOREIGN_KEY_CHECKS=0;

-- ----------------------------
-- Table structure for article
-- ----------------------------
DROP TABLE IF EXISTS `article`;
CREATE TABLE `article` (
  `id` bigint(20) NOT NULL AUTO_INCREMENT,
  `title` varchar(255) DEFAULT NULL,
  `content` longtext,
  `ARTICLETYPE` int(20) NOT NULL,
  `date` varchar(255) DEFAULT NULL,
  `userid` bigint(20) NOT NULL,
  `ischecked` int(11) NOT NULL,
  `admin` bigint(20) DEFAULT NULL,
  `checkInfo` varchar(255) DEFAULT NULL,
  PRIMARY KEY (`id`),
  KEY `userid` (`userid`),
  KEY `admin` (`admin`),
  CONSTRAINT `admin` FOREIGN KEY (`admin`) REFERENCES `user` (`id`),
  CONSTRAINT `article_ibfk_1` FOREIGN KEY (`userid`) REFERENCES `user` (`id`)
) ENGINE=InnoDB AUTO_INCREMENT=43 DEFAULT CHARSET=utf8;

-- ----------------------------
-- Records of article
-- ----------------------------
INSERT INTO `article` VALUES ('10', '如何成为抢到春运火车票的4亿分之一', '<p>12月23日便可以开始购买春运第一天的火车票。2018年春运中，共有近4亿人次旅客选择铁路出行，其中超过一半乘坐高铁。中国的铁路春运是怎样随时代变迁的？</p>\r\n\r\n<div class=\"news-image\"><img alt=\"如何成为抢到春运火车票的4亿分之一\" src=\"http://n.sinaimg.cn/news/299/w750h8349/20181222/Q5jB-hqqzpku3535581.jpg\" style=\"width:600px\" /></div>\r\n\r\n<p>文章关键词： <a href=\"http://tags.news.sina.com.cn/%E6%98%A5%E8%BF%90\" target=\"_blank\">春运</a> <a href=\"http://tags.news.sina.com.cn/%E9%93%81%E8%B7%AF\" target=\"_blank\">铁路</a> <a href=\"http://tags.news.sina.com.cn/%E6%8A%A2%E7%A5%A8\" target=\"_blank\">抢票</a></p>\r\n', '1', '2018-12-23 18:56:46', '6', '1', null, null);
INSERT INTO `article` VALUES ('11', '领先18分勇士险被翻盘 阿杜致命一击克独行侠', '<p><br />\r\n勇士惊险取胜 勇士惊险取胜</p>\r\n\r\n<p>　　北京时间12月23日，勇士在主场以120-116击败了独行侠。</p>\r\n\r\n<p>　　勇士（22-11）在第四节领先18分的情况下几乎被翻盘。凯文-杜兰特投中制胜三分，全场贡献29分、12个篮板和8次助攻，斯蒂芬-库里三分球17投6中，得22分、5个篮板和5次助攻，克雷-汤普森和德雷蒙德-格林各得14分。替补出场的尤纳斯-杰雷布科23分6个篮板。</p>\r\n\r\n<p>　　独行侠（15-16）遭到五连败。韦斯利-马修斯25分，卢卡-东契奇得了19分5次助攻，哈里森-巴恩斯17分6个篮板，德安德烈-乔丹12分23个篮板。</p>\r\n\r\n<p>　　上个月两队交手时，独行侠防守成功，以114-109险胜。他们在第四节只让勇士得了23分。[新浪小炮智能预测NBA][送1188][下载APP]</p>\r\n\r\n<p>　　不过最近的比赛，独行侠却在防守上表现平平，此前三场比赛，分别丢了120分、126分和125分。</p>\r\n\r\n<p>　　勇士在主场打独行侠却很有心得，从2012年算起，已经是11连胜，今天也延续了这种统治性。</p>\r\n\r\n<p>　　开场后，独行侠状态不错，他们以6-2开局。格林还以一记三分，库里此后也远投得手，勇士很快以12-10反超。独行侠很快又将比分超出。本节还有1分28秒时，乔丹空中接力扣篮，独行侠以31-22领先。杜兰特还以一球，伊戈达拉命中三分，勇士以5-0结束本节，只以28-31落后。</p>\r\n\r\n<p>　　第二节两队仍打得难解难分。本节过半后，独行侠以51-46领先。两队此后相继投篮不中，最后还是库里用一记三分打破僵局，双方仍打得难解难分，几度战成平手。本节还有1分08秒时，韦斯利三分命中，独行侠以61-58再度领先。两队此后都未能得分，本节各得30分。</p>\r\n\r\n<p>　　第三节大部分时间，仍是独行侠略占优势。本节还有3分54秒时，巴里亚连投带罚拿下3分，独行侠还以81-77领先。杰雷布科成为奇兵，他突破上篮得手，此后&ldquo;打3分&rdquo;成功，一人连得5分，而杜兰特也边境造成犯规。本节最后45秒，杜兰特和伊戈达拉相继投中三分，独行侠打出一波17-6后，以94-87结束前三节。</p>\r\n\r\n<p>　　勇士的&ldquo;一波流&rdquo;来得有些晚，但没有缺席。库里在第四节开始后连续命中三分，而杰雷布科也三分得手，一举以107-90拉开了差距。</p>\r\n\r\n<p>　　勇士一度领先了18分，但独行侠不甘心束手就擒，开始疯狂反扑。比赛还有1分46秒时，马修斯三分命中，他们只以113-117落后。</p>\r\n\r\n<p>　　勇士场上是&ldquo;五小&rdquo;阵容，但效率极低，库里有机会时也选择传球，结果倒出现失误。在7分钟里，他们只投中两球。</p>\r\n\r\n<p>　　独行侠继续追击，比赛还有59.5秒时，乔丹两罚一中，独行侠将比分追成116-117。</p>\r\n\r\n<p>　　勇士关键一球到了杜兰特手中，比赛还有14.2秒时，他外线果断出手，命中三分，勇士以119-117再度领先。独行侠关键时刻连续投篮不中，勇士用罚球锁定胜局。（吴哥）</p>\r\n', '9', '2018-12-23 18:58:46', '6', '1', null, null);
INSERT INTO `article` VALUES ('12', '鲁尼：曼联解雇穆里尼奥是正确的 进攻是曼联的DNA', '<div class=\"img_wrapper\">鲁尼认为解雇穆帅正确</div>\r\n\r\n<p>　　英超第18轮，曼联5-1大胜卡迪夫城。鲁尼受邀担任电视台的解说嘉宾。他对如今的这支曼联提出了自己的看法，他认为目前球队正走在一条正确的道路上，解雇穆里尼奥是正确的决定。</p>\r\n\r\n<p>　　鲁尼说：&ldquo;有时候你不得不做出改变，我认为解雇穆里尼奥是正确的。特别当你看到穆帅把曼联更衣室关系搞得如此糟糕时，甚至就连在厨房工作的员工都不会感到快乐。这个时候就就必须做出改变。我是曼联的前同事告诉我穆里尼奥下课的消息，他们告诉我穆帅与球员们相处的并不是太好。&rdquo;</p>\r\n\r\n<div class=\"otherContent_01\" id=\"ad_51777\" style=\"clear:both; display:block; float:left; height:250px; margin-bottom:10px; margin-left:0px; margin-right:20px; margin-top:10px; overflow:hidden; padding:4px; width:300px\"><ins><ins><a href=\"http://saxn.sina.com.cn/dsp/click?t=MjAxOC0xMi0yMyAxODo1OTowNi4xNzMJMTExLjM0LjIwMC45OQkxNzIuMTYuMTgxLjk1XzE1NDU1NTYzOTUuOTY0NzYwCTZkMzEwZjBmLTllNTMtNDQ1NC1hNTZhLWRhMjgxZjhiZGI0MwkzNDA4MzExCTU4OTU1ODQ5NTRfUElOUEFJLUNQQwkzMTgzMjc4CTE0MDI0OAkzLjMzMzMzMzNFLTQJMQl0cnVlCVBEUFMwMDAwMDAwNDQxMTAJMzg2OTk1OQlQQwlpbWFnZQktCTB8MlV1VzBFZlRNRENlNU1pSHFOWnFhMHxudWxsfG51bGx8Ymp8MzQwODMxMXwxS1ZxY3pCN1lEWGtaY0dDV0ZGYjkwfDB8fHx8Qnx8MHx8fDB8LTF8MHwJCTEJLQktCS0JMAkxNzIuMTYuMTgxLjk1XzE1NDU1NTYzOTUuOTY0NzYwCVBDX0lNQUdFCS0Jbm9ybWFsfHV2Zm0tcnQJCXVzZXJfdGFnOjIwNzM3OjEuMHx1c2VyX2FnZTo2MDA6MC4wfHVzZXJfZ2VuZGVyOjUwMTowLjB8dl96b25lOjMyNDAwMTowLjB8Y3Jvd2RzOnxfY3Jvd2RzOgkwCTE1MDAwMAk1MDAwMAktCQkwCQk4N2ZkODc3YS1jMTYyLTMyMDctYjY2MS04OTEwNjE4ZjcxZWMJMA==&amp;userid=172.16.181.95_1545556395.964760&amp;auth=a81743af88382ca0&amp;p=WmQv%2FR6kMn2iheB4zEEtTfIK03KcNozSQkOVDA%3D%3D&amp;url=http%3A%2F%2Fsaxn.sina.com.cn%2Fclick%3Fid%3D17%26t%3DNWE2NDJmZmQtMWVhNC0zMjdkLWEyODUtZTA3OGNjNDEyZDRkCTE3CVBEUFMwMDAwMDAwNDQxMTAJMzg2OTk1OQkxCVJUQgktCVY1LjAuMF9fX0JYXzEwLjEzLjIyNC4xMzIJCQlpcDoxMTEuMzQuMjAwLjk5fGRldmljZWlkOnxjb29raWU6MTcyLjE2LjE4MS45NV8xNTQ1NTU2Mzk1Ljk2NDc2MHxkaWQ6fHBsYXQ6cGN8dHM6MTU0NTU2Mjc0Nnx0ZjowCTg3ZmQ4NzdhLWMxNjItMzIwNy1iNjYxLTg5MTA2MThmNzFlYw%253D%253D%26type%3D2%26url%3Dhttp%253A%252F%252Ftehui01.yg-mall.cn%252Fshou%252Fcsb2%252F%253Fgzid%253Dg300250%26sina_sign%3D2af218333390ea6f&amp;sign=d070eb8ba9f6b267\" style=\"display:block;line-height:0;\" target=\"_blank\"><img alt=\"//s3.pfp.sina.net/ea/ad/2/14/5fa7c17867d1e63ba9c4a64936094d7c.jpg\" src=\"http://s3.pfp.sina.net/ea/ad/2/14/5fa7c17867d1e63ba9c4a64936094d7c.jpg\" style=\"border:0; height:250px; width:300px\" /></a></ins></ins>\r\n\r\n<div style=\"background:transparent url(&quot;//d2.sina.com.cn/litong/zhitou/sinaads/release/ad_logo_update_IAB.gif&quot;) no-repeat scroll 0% 0%; bottom:1px; height:13px; position:absolute; right:1px; width:26px; z-index:99\">&nbsp;</div>\r\n</div>\r\n\r\n<p>　　鲁尼认为曼联短暂请来索尔斯克亚是一个不错的选择：&ldquo;我认为这是一个好的转变。索尔斯克亚是老曼联人，他知道曼联的传统，也正在往这个方向做改变，一切都在往好的方向发展。包括费兰的回归也是一样，他们已经起到了效果。当你看到他们微笑着入场时，球员们也带着微笑入场时，一切都会变得更加容易一些。索尔斯克亚给了曼联几个月的时间来寻找主帅，这很重要，曼联这一次要确保找到一名合适的人选。&rdquo;</p>\r\n\r\n<p>　　对于曼联本场5-1的大胜，鲁尼更是赞不绝口：&ldquo;索尔斯克亚找回了曼联的DNA，与穆里尼奥时期不同的是，当曼联取得进球之后，球队仍然会持续不断的进攻，这就是曼联的传统，我真的很高兴看到这样的场面发生。这太棒了。&rdquo;</p>\r\n\r\n<p>　　鲁尼认为想要成为一家成功的俱乐部，任何细节都不可忽略：&ldquo;想要成为一家成功的俱乐部，任何细节都很重要，包括你的球探，你的训练场管理员等等。每一个细节都很重要，关键是要他们能够与俱乐部相处融洽，带着微笑来工作，这样的话才会取得成功。&rdquo;</p>\r\n', '9', '2018-12-23 18:59:38', '6', '1', null, null);
INSERT INTO `article` VALUES ('13', '英超-德布劳内神进球 曼城2-3爆冷负 距榜首4分', '<div class=\"img_wrapper\">爆冷，曼城主场2-3落败</div>\r\n\r\n<p>　　北京时间12月22日23:00(英国当地时间15:00)，2018/19赛季英超第18轮一场焦点战在伊蒂哈德球场展开争夺，曼城主场2比3不敌水晶宫，京多安先拔头筹，水晶宫连入3球反超，德布劳内传中得分。曼城英超主场12连胜被终结。</p>\r\n\r\n<p>　　曼城连续4个主场全胜水晶宫，打入19球且仅丢1球。近8次交锋取得7胜1平，近16次交锋仅负1场。曼城近13个主场对阵水晶宫取得10胜3平，水晶宫上次客胜曼城还是1990年。双方英超历史交锋14场，曼城8胜4平2负优势明显，其中主场6胜2平。同上轮联赛相比，斯特林、贝尔纳多和斯通斯轮换出场。</p>\r\n\r\n<p>　　开场仅2分钟，斯特林传球，德尔夫左路25码处劲射被瓜伊塔扑出横梁。舒鲁普角球防守时头球解围擦柱偏出险些自摆乌龙。贝尔纳多直传，萨内突入禁区左侧小角度射门打在边网。贝尔纳多禁区左侧传中，但无人防守的斯特林小禁区前抽射打偏，贝尔纳多小禁区左侧再射被封堵。萨内25码处半凌空抽射被瓜伊塔没收。</p>\r\n\r\n<div class=\"img_wrapper\"><img alt=\"京多安冲顶入网\" src=\"http://n.sinaimg.cn/sports/transform/522/w347h175/20181223/ehIz-hqqzpku4067552.gif\" />京多安冲顶入网</div>\r\n\r\n<p>　　<strong>曼城第27分钟打破僵局，德尔夫左路斜传，无人防守的京多安小禁区前冲顶入网。</strong>水晶宫3分钟连入2球反超，<strong>第33分钟，麦克阿瑟传球，舒鲁普强突禁区左侧12码处低射远角入网。第35分钟，曼城解围任意球，汤森德30码处左脚第一时间凌空抽射右上角入网，2-1。</strong>随后京多安左路任意球传中，拉尔波特头球攻门偏出。</p>\r\n\r\n<div class=\"img_wrapper\"><img alt=\"舒鲁普扳平\" src=\"http://n.sinaimg.cn/sports/transform/521/w347h174/20181223/DFYW-hqqzpku4068976.gif\" />舒鲁普扳平</div>\r\n\r\n<div class=\"img_wrapper\"><img alt=\"汤森德世界波\" src=\"http://n.sinaimg.cn/sports/transform/521/w347h174/20181223/wYV4-hqqzpku4069452.gif\" />汤森德世界波</div>\r\n\r\n<p>　　下半场。阿圭罗替换奥塔门迪出场。拉波尔特角球混战中头球攻门偏出。<strong>水晶宫第51分钟扩大比分，比萨卡右路传中，汤森德小禁区前头球攻门击中右侧立柱弹回，迈尔10码处拿球被沃克尔铲倒，米利沃耶维奇主罚点球命中，3-1。</strong>曼城加强反攻，热苏斯禁区左侧射门被封堵，拉尔波特远射又偏出。</p>\r\n\r\n<div class=\"img_wrapper\"><img alt=\"沃克尔飞铲送点\" src=\"http://n.sinaimg.cn/sports/transform/198/w650h348/20181223/VrwN-hqqzpku4090648.jpg\" />沃克尔飞铲送点</div>\r\n\r\n<div class=\"img_wrapper\"><img alt=\"米利沃耶维奇射入点球\" src=\"http://n.sinaimg.cn/sports/transform/521/w347h174/20181223/jjBJ-hqqzpku4070443.gif\" />米利沃耶维奇射入点球</div>\r\n\r\n<p>　　扎哈传球，迈尔禁区左侧斜射偏出。德布劳内替换德尔夫出场。京多安远射偏出。马赫雷斯换下斯特林。萨内30码处任意球直接射门击中右侧立柱弹出。<strong>曼城第85分钟拉近差距，贝尔纳多传球，德布劳内右路传中直接吊入远角，2-3。</strong>第92分钟，德布劳内斜传，热苏斯小禁区边缘外头球攻门偏出。</p>\r\n\r\n<div class=\"img_wrapper\"><img alt=\"德布劳内传中进球\" src=\"http://n.sinaimg.cn/sports/transform/521/w347h174/20181223/4QKz-hqqzpku4070890.gif\" />德布劳内传中进球</div>\r\n\r\n<p>　　曼城(4-3-3)：31-埃德森；2-沃克尔，14-拉波尔特，30-奥塔门迪(50&#39;,10-阿圭罗)，18-德尔夫(62&#39;,17-德布劳内)；8-京多安，5-斯通斯，20-贝尔纳多；7-斯特林(69&#39;,26-马赫雷斯)，33-热苏斯，19-萨内</p>\r\n\r\n<p>　　水晶宫(4-4-2)：31-瓜伊塔；29-比萨卡，5-汤姆金斯，12-萨科，3-范安霍尔特；18-麦克阿瑟，4-米利沃耶维奇，7-迈尔(84&#39;,42-庞琼)，15-舒鲁普；10-汤森德，11-扎哈(88&#39;,14-阿尤)</p>\r\n\r\n<div class=\"img_wrapper\"><img alt=\"技术统计\" src=\"http://n.sinaimg.cn/sports/transform/240/w650h390/20181223/rTJs-hqqzpku4080951.jpg\" />技术统计</div>\r\n\r\n<div class=\"img_wrapper\"><img alt=\"曼城球员评分\" src=\"http://n.sinaimg.cn/sports/transform/347/w650h497/20181223/BDT--hqqzpku4081220.jpg\" />曼城球员评分</div>\r\n\r\n<div class=\"img_wrapper\"><img alt=\"水晶宫球员评分\" src=\"http://n.sinaimg.cn/sports/transform/371/w650h521/20181223/Ud0s-hqqzpku4081589.jpg\" />水晶宫球员评分</div>\r\n', '9', '2018-12-23 19:00:38', '6', '1', null, null);
INSERT INTO `article` VALUES ('14', '刘强东无罪！美国检方决定不予起诉', '<div class=\"abstract\">\r\n<div class=\"title\">专题摘要:</div>\r\n\r\n<p>12月22日，明尼阿波利斯市亨内平县检察官办公室公布刘强东事件的调查结果，决定不予起诉，这也意味着该案正式结案，刘强东无罪。</p>\r\n</div>\r\n', '3', '2018-12-23 19:02:38', '6', '1', null, null);
INSERT INTO `article` VALUES ('15', '我国非农建设用地将不再“必须国有”', '<div class=\"banner-main\">\r\n<div class=\"abstract\">\r\n<div class=\"title\">专题摘要:</div>\r\n\r\n<p>23日提请全国人大常委会审议的土地管理法、城市房地产管理法修正案草案，删去了现行土地管理法关于从事非农业建设使用土地的，必须使用国有土地或者征为国有的原集体土地的规定。</p>\r\n</div>\r\n</div>\r\n', '3', '2018-12-23 19:03:13', '6', '1', null, null);
INSERT INTO `article` VALUES ('16', '杨幂刘恺威去年合赚2.75亿 女方名下9家公司', '<div class=\"quotation\">\r\n<p>仅杨幂旗下就有9家公司，包括上海杨幂影视文化工作室、上海杨幂文化传媒中心等等，其中有2家公司状态为&ldquo;注销&rdquo;。</p>\r\n</div>\r\n\r\n<div class=\"article\" id=\"artibody\">\r\n<div class=\"img_wrapper\"><img alt=\"图片来源：东方IC\" src=\"http://n.sinaimg.cn/ent/transform/250/w630h420/20181223/CR8i-hqqzpku3923856.jpg\" />图片来源：东方IC</div>\r\n\r\n<p>　　（来源：每日经济新闻）</p>\r\n\r\n<p>　　每经编辑 王晓波&nbsp;&nbsp;&nbsp;&nbsp;</p>\r\n\r\n<p>　　杨幂和刘恺威离婚了。12月22日，娱乐圈传来的这个消息，瞬间刷爆了网络。</p>\r\n\r\n<div class=\"img_wrapper\"><img alt=\"图片来源：东方IC\" src=\"http://n.sinaimg.cn/ent/crawl/116/w550h366/20181223/W_k3-hqqzpku3921639.jpg\" />图片来源：东方IC</div>\r\n\r\n<p>　　12月22日，杨幂、刘恺威所属经纪公司嘉行传媒发布声明称，杨幂刘恺威于今年签署协议，和平分手，离婚是双方彼此尊重沟通后做出的选择，未来将以亲人的身份共同照顾抚养孩子，以朋友身份真诚地祝福彼此的未来。</p>\r\n\r\n<div class=\"img_wrapper\"><img alt=\"嘉行发布的声明\" src=\"http://n.sinaimg.cn/ent/crawl/262/w440h622/20181223/p_zL-hqqzpku3919784.jpg\" />嘉行发布的声明</div>\r\n\r\n<p>　　消息一出，瞬间在网络刷屏，也迅速登上微博热搜榜首。</p>\r\n\r\n<div class=\"img_wrapper\"><img alt=\"\" src=\"http://n.sinaimg.cn/ent/crawl/241/w550h491/20181223/7mcj-hqqzpku3919799.jpg\" /></div>\r\n\r\n<p>　　<strong>杨幂名下9家公司</strong></p>\r\n\r\n<p>　　作为娱乐圈知名的明星夫妻，杨幂和刘恺威除了演戏，在商业版图的扩张上也同样强大。每经小编通过天眼查发现，仅杨幂旗下就有9家公司，包括上海杨幂影视文化工作室、上海杨幂文化传媒中心等等，其中有2家公司状态为&ldquo;注销&rdquo;。</p>\r\n\r\n<div class=\"img_wrapper\"><img alt=\"\" src=\"http://n.sinaimg.cn/ent/crawl/159/w550h409/20181223/a_C_-hqqzpku3919816.png\" /></div>\r\n\r\n<p>　　这些公司大部分注册地都是在上海，杨幂在其中的4家公司担任法定代表人，在其中的6家公司担任高管。</p>\r\n\r\n<div class=\"img_wrapper\"><img alt=\"\" src=\"http://n.sinaimg.cn/ent/crawl/320/w630h8490/20181223/I1cJ-hqqzpku3920005.jpg\" /></div>\r\n\r\n<p>　　而在天眼查当中输入刘恺威，并未查询到其名下公司。有一家名为&ldquo;东阳横店刘恺威影视工作室&rdquo;的公司，杨幂的经纪人赵若尧100%控股，该公司目前状态为&ldquo;注销&rdquo;。</p>\r\n\r\n<div class=\"img_wrapper\"><img alt=\"\" src=\"http://n.sinaimg.cn/ent/crawl/666/w550h116/20181223/Bpbk-hqqzpku3920038.png\" /></div>\r\n\r\n<p>　　<strong>二人去年合计收入2.75亿</strong></p>\r\n\r\n<div class=\"img_wrapper\"><img alt=\"图片来源：东方IC\" src=\"http://n.sinaimg.cn/ent/crawl/49/w500h349/20181223/awFV-hqqzpku3922044.jpg\" />图片来源：东方IC</div>\r\n\r\n<p>　　作为国内的一线明星，又是娱乐圈的夫妻档，二人吸金能力当然不俗。</p>\r\n\r\n<p>　　据福布斯2017年中国名人榜当中，二人均出现在百强榜名单之内。其中，杨幂收入达2亿元，综合排名榜单第3位；而刘恺威则以7500万元的收入排在第76位。二人合计年收入达2.75亿元。</p>\r\n\r\n<div class=\"img_wrapper\"><img alt=\"福布斯2017年中国名人榜前十\" src=\"http://n.sinaimg.cn/ent/crawl/31/w526h305/20181223/xPxR-hqqzpku3922385.png\" />福布斯2017年中国名人榜前十</div>\r\n\r\n<div class=\"otherContent_01\" id=\"ad_44124\" style=\"clear:both; display:block; float:left; height:250px; margin-bottom:10px; margin-left:0px; margin-right:20px; margin-top:10px; overflow:hidden; padding:4px; width:300px\"><ins><ins><a href=\"http://saxn.sina.com.cn/dsp/click?t=MjAxOC0xMi0yMyAxOTowMzo0NC45MzUJMTExLjM0LjIwMC45OQkxNzIuMTYuMTgxLjk1XzE1NDU1NTYzOTUuOTY0NzYwCTFlMjJhODVmLWMwMTMtNDllNi1hYmNmLTYwMzIwNTgwZTcxZgkzNDA4MzExCTU4OTU1ODQ5NTRfUElOUEFJLUNQQwkzMTgzMjc4CTEzNzEyNQkzLjMzMzMzMzNFLTQJMQl0cnVlCVBEUFMwMDAwMDAwNDQxMjQJMzg2OTk1OQlQQwlpbWFnZQktCTB8MlV1VzBFZlRNRENlNU1pSHFOWnFhMHxudWxsfG51bGx8Ymp8MzQwODMxMXwxS1ZxY3pCN1lEWGtaY0dDV0ZGYjkwfDB8fHx8Qnx8MHx8fDB8LTF8MHwJCTEJLQktCS0JMAkxNzIuMTYuMTgxLjk1XzE1NDU1NTYzOTUuOTY0NzYwCVBDX0lNQUdFCS0Jbm9ybWFsfHV2Zm0tcnQJCXVzZXJfdGFnOjIwOTU5OjAuOTk2MDkzNzV8dXNlcl9hZ2U6NjAwOjAuMHx1c2VyX2dlbmRlcjo1MDE6MC4wfHZfem9uZTozMjQwMDE6MC4wfGNyb3dkczp8X2Nyb3dkczoJMAkxNTAwMDAJNTAwMDAJLQkJMAkJYzQ4Y2JmNGQtMWY5Yi0zY2UyLTk5MTktMDI3ZDEwNGIxNTIzCTA=&amp;userid=172.16.181.95_1545556395.964760&amp;auth=b139c89375a6bcde&amp;p=QPAmtBjWMGO1EHAqlZo2ee6VCQOvtHsnkN%2BdEg%3D%3D&amp;url=http%3A%2F%2Fsaxn.sina.com.cn%2Fclick%3Fid%3D17%26t%3DNDBmMDI2YjQtMThkNi0zMDYzLWI1MTAtNzAyYTk1OWEzNjc5CTE3CVBEUFMwMDAwMDAwNDQxMjQJMzg2OTk1OQkxCVJUQgktCVY1LjAuMF9fX0JYXzEwLjEzLjIyNC4xMzUJCQlpcDoxMTEuMzQuMjAwLjk5fGRldmljZWlkOnxjb29raWU6MTcyLjE2LjE4MS45NV8xNTQ1NTU2Mzk1Ljk2NDc2MHxkaWQ6fHBsYXQ6cGN8dHM6MTU0NTU2MzAyNHx0ZjowCWM0OGNiZjRkLTFmOWItM2NlMi05OTE5LTAyN2QxMDRiMTUyMw%253D%253D%26type%3D2%26url%3Dhttp%253A%252F%252Ftehui01.yg-mall.cn%252Fshou%252Fcsb2%252F%253Fgzid%253Dg300250%26sina_sign%3D2af218333390ea6f&amp;sign=ccb682f3cb109a54\" style=\"display:block;line-height:0;\" target=\"_blank\"><img alt=\"//s3.pfp.sina.net/ea/ad/2/14/5fa7c17867d1e63ba9c4a64936094d7c.jpg\" src=\"http://s3.pfp.sina.net/ea/ad/2/14/5fa7c17867d1e63ba9c4a64936094d7c.jpg\" style=\"border:0; height:250px; width:300px\" /></a></ins></ins>\r\n\r\n<div style=\"background:transparent url(&quot;//d2.sina.com.cn/litong/zhitou/sinaads/release/ad_logo_update_IAB.gif&quot;) no-repeat scroll 0% 0%; bottom:1px; height:13px; position:absolute; right:1px; width:26px; z-index:99\">&nbsp;</div>\r\n</div>\r\n\r\n<p>　　其实两人早就多次被传离婚，但是都未得到证实，如今一则声明将传闻坐实，不免让人唏嘘。</p>\r\n</div>\r\n', '4', '2018-12-23 19:04:29', '6', '1', null, null);
INSERT INTO `article` VALUES ('17', '容祖儿称阿娇婚宴疑喝到假酒 众人捧关智斌接花球', '<div class=\"quotation\">\r\n<p>容祖儿透露当晚喝了一杯已好胃痛，更笑称怀疑是假酒来的！她还透露关智斌接到花球是众人的合谋。</p>\r\n</div>\r\n\r\n<div class=\"article\" id=\"artibody\">\r\n<div class=\"img_wrapper\"><img alt=\"参加完阿娇婚宴的容祖儿，近日的快乐情绪还没消退。\" src=\"http://n.sinaimg.cn/ent/transform/400/w554h646/20181223/ejhK-hqqzpku6019620.jpg\" /> 参加完阿娇婚宴的容祖儿，近日的快乐情绪还没消退。</div>\r\n\r\n<p>　　新浪娱乐讯 北京时间12月23日消息，据香港媒体报道，容祖儿昨天到商场举行新碟《答案之书》签名会，现场与歌迷大玩问答游戏和摆POSE合照，更有歌迷自制巨型&ldquo;答案之书&rdquo;送给容祖儿，最后她与全场影大合照。谈到阿娇婚宴，最令容祖儿感动的是全公司上下都用心帮阿娇打点，但容祖儿透露当晚喝了一杯已好胃痛，更笑称怀疑是假酒来的！她还透露关智斌接到花球是众人的合谋。</p>\r\n\r\n<p>　　参加完阿娇婚宴的容祖儿坦言近日的快乐情绪还没消退，而且开心事一浪接一浪，因为昨天又到王祖蓝生女儿，容祖儿也致电恭喜对方。被问到在阿娇婚宴当晚最终有没有喝醉时，容祖儿笑道：&ldquo;完全没有，因为老板&lsquo;怼&rsquo;我一杯后我就好胃痛，所以没有再喝，我怀疑是假酒来的，所以非常清醒，记得整晚好细微的片段。&rdquo;能够见证好姊妹出嫁，最令容祖儿感动是全公司上下都用心帮阿娇打点，见到老板挽着阿娇进场时，感觉像一家人一样。容祖儿称年纪越大越容易被感动到，当晚她也哭了很多次，也放尽喉咙去招呼宾客，希望公司可以保持一直有喜事。</p>\r\n\r\n<p>　　提到蔡卓妍（阿Sa）当晚也带了男朋友到场，下一单喜事会否是阿Sa时，容祖儿说：&ldquo;相信他们自有分数，我就不会催人结婚，所以顺其自然啦。&rdquo;</p>\r\n\r\n<p>　　至于容祖儿和一班兄弟姊妹夹手夹脚造就关智斌接花球，她笑道：&ldquo;我们各自有岗位，关智斌就懵然不知越站越前，简直如有神助，我在他后面顶一顶，张致恒夹住他，阿娇就有后眼，有神一般的眼界，所以他根本无得走。&rdquo;（苗菲）</p>\r\n</div>\r\n', '4', '2018-12-23 19:05:17', '6', '1', null, null);
INSERT INTO `article` VALUES ('18', '共享单车消亡史：七个亲历者的真实故事', '<p>共享单车神话是如何吹起来又如何破灭的？它存在过的价值在哪里？全天候科技和这个行业多个环节的亲历者聊了聊，他们包括摩拜单车投资者，小鸣单车投资者，ofo前高管、员工，优拜单车创始人以及摩拜单车供应商。他们的故事连起来几乎就是这个神话的全貌。</p>\r\n\r\n<p>　　作者 | 马程&nbsp;&nbsp;编辑 | 安心</p>\r\n\r\n<p>　　2018年的最后一个月，ofo遭遇用户蜂拥退押，1000多万用户的押金总额粗略估计在10亿-20亿元规模。10月份时，有媒体拿到了约半年前ofo的负债表，彼时其整体负债为64.96亿元，其中，用户押金为36.50亿元，供应链为10.20亿元。ofo和戴威目前已被法院下发了&ldquo;限制消费令&rdquo;。</p>\r\n\r\n<p>　　ofo垂死，摩拜卖身美团大平台，但依然亏损，据美团财报，摩拜每天约亏损约1560万元，照此计算，每年亏损额将高达57亿元。哈罗的农村包围城市仍然在艰难推进中。</p>\r\n\r\n<p>　　三辆最有希望的自行车走到今天，已经是同行中最好的成绩。同时期创立的单车品牌大多已死，给他们的创始人、员工、家人、投资者、供应商留下各种不幸。</p>\r\n\r\n<p>　　共享单车从新时期的四大发明（高铁、支付宝、共享单车和网购）之一，到人人谈之色变的&ldquo;创业黑洞&rdquo;，一地鸡毛，仅用了短短3年时间。</p>\r\n\r\n<p>　　共享单车神话是如何吹起来又如何破灭的？它存在过的价值在哪里？全天候科技和这个行业多个环节的亲历者聊了聊，他们的故事连起来几乎就是这个神话的全貌。</p>\r\n\r\n<p>　　<strong>1</strong></p>\r\n\r\n<p>　　<strong>如果共享单车没立住，是整个社会的悲哀</strong> &nbsp;</p>\r\n\r\n<p>　　<strong>&mdash;共享单车开创者、摩拜天使投资人李斌</strong></p>\r\n\r\n<p>　　2018年4月，在为摩拜保驾护航3年后，李斌选择了&ldquo;放手&rdquo;。在美团收购摩拜一案中，他被视为&ldquo;关键先生&rdquo;，在最后一轮投票中，他投下弃权票。最终，摩拜卖身美团，李斌从摩拜完全退出。</p>\r\n\r\n<p>　　此前，李斌曾向全天候科技分享他对共享单车现状的看法及对未来的判断，如下内容根据访谈整理：</p>\r\n\r\n<p>　　共享单车这个业务，它的需求是真实并且强劲的，我认为这是跟别的业务都不一样的地方，任何商业模式的成立前提还是需求是真实的。</p>\r\n\r\n<p>　　共享单车是把中国的移动互联网和应用场景和中国的交通真正面临的问题，很完美地连接起来，这毫无疑问是一个挺酷的事情。但你也知道，在中国做任何事情，最后都容易跟风，因为没有对原创思想任何的尊重。比如说摩拜这么个想法，如果在国外，别人即使抄袭也得差异化一下，但是在中国不会，大家没有任何的（差异），也不会尊重你原创的东西，不会尊重你的专利，不会尊重这些东西，即使你跟他打官司，打完了又怎么样？好几年以后，战争都已经结束了，活不到打官司赢的那一天。&nbsp;</p>\r\n\r\n<p>　　摩拜的产品标准定的是非常高的，我们那个车可以经历15万次震动的测试，别的车几百次就烂掉了，可是，好车一定成本就高，你速度一定就慢，别人搞了一堆烂车，然后迅速把这个市场占领了，你怎么办呢？你没办法，你也只能搞一些不是你自己初心的车。那个车肯定没那么好，但你也得上，哪怕是炮灰也得上，所以这件事情很快就变成了一个很没有技术含量的事情。</p>\r\n\r\n<p>　　你不要钱，我也只能不要钱，但是这件事情用户到底是沾光了，还是吃亏了呢？其实我觉得是吃亏了，因为一个公司不能延续，这个事情就没有未来，所以后续就有很多小公司上来就乱收押金，撑不住以后很多用户的押金退起来也挺麻烦。整个（共享单车）被非良性的竞争裹挟着往前走，把一件很伟大的事情，很好的初心，很快就拖入一个泥潭。</p>\r\n\r\n<p>　　如果中国公司之间的竞争到最后都是这样没有技术含量的（竞争），这是挺悲哀的一件事情。可这个是在中国的现实，任何原创的想法得不到尊重，很多东西到最后就是砸钱，看谁钱多，没有技术含量的，然后就沦为炮灰、炮台，用户自己以为占了点小便宜。整个创业，整个事情都是风来的也快，去的也快。</p>\r\n\r\n<p>　　共享单车这件事情，如果最终没有立住，绝对不是摩拜和ofo的悲哀，是整个中国社会的悲哀。这么好的一件事情，为什么没有把它变好？就像中国最早发明了印刷术，并没有把自然科学搞起来；发明了指南针，并没有发现新大陆，这不是挺悲哀的？&nbsp;</p>\r\n\r\n<p>　　<strong>2</strong></p>\r\n\r\n<p>　　<strong>我投的2500万为何打了水漂？</strong></p>\r\n\r\n<p>　　<strong>&mdash;小鸣单车投资人黄治国</strong></p>\r\n\r\n<p>　　黄治国律师是X私募投资基金（下称X基金）的投资决策合伙人。在摩拜A轮估值5000万元时，他们就拿到过融资计划书，但是没有投，&ldquo;觉得这个模式还有点看不懂&rdquo;。</p>\r\n\r\n<p>　　后来，摩拜一轮接一轮地融资，估值和规模突飞猛进。那个时候，黄治国他们发现，&ldquo;这个赛道得到了市场和投资人的认可，值得布局&rdquo;，但是，摩拜已经很贵、很抢手了。</p>\r\n\r\n<p>　　2016年底，X基金参与了小鸣单车的B轮融资，投资额2500万元，黄治国参与这次投资的决策和实施。报道称，知名VC机构联创永宣冯涛是小鸣单车的天使投资人。</p>\r\n\r\n<p>　　除了摩拜、ofo，小鸣单车算是当时第二梯队的项目。创始人邓永豪涉足共享单车前，在广州拥有一家公司&mdash;&mdash;凯路仕自行车股份有限公司（下称凯路仕）。这家公司专门生产向境外出口的单车，质量和销售渠道都不错，已经得到了境外很多骑行者的认可。但他当时认为，凯路仕自行车的业务已经到头，新兴的ofo、摩拜模式给了他新的启发。邓永豪决定利用凯路仕强大的生产能力，单独建小鸣单车这样一个平台发展线上、线下共享单车领域的拓展。</p>\r\n\r\n<p>　　&ldquo;它有自己的生产制造厂，能够稳定、持续的提供单车，摩拜和ofo已经证明了这种模式比较受市场欢迎，盈利模式已经出现，我们觉得可以尝试一下，投一部分。&rdquo;黄治国说。</p>\r\n\r\n<p>　　另外，小鸣单车的退出路径看起来&ldquo;非常清晰&rdquo;。凯路仕当时已经有几千万的净利润，它向小鸣单车销售自行车本身会产生一定的利润，且有可能率先完成上市。如果凯路仕完成上市，它要么把小鸣单车收购，要么双方进行资产整合，这相当于小鸣单车项目在退出方面有了&ldquo;兜底&rdquo;。</p>\r\n\r\n<p>　　2017年，小鸣单车开启新一轮融资时，估值一度上涨到15亿元，相比B轮时投前3亿元估值，X基金在小鸣单车的账面回报已经有5倍。不过，在新一轮融资完成前，X基金未出手小鸣单车的任何股份。</p>\r\n\r\n<p>　　然而，2017年后，随着大量单车企业入场，摩拜与ofo迅速融资、扩张；小鸣单车的境况急转直下，融资进度明显滞后，新一轮融资最终搁浅。</p>\r\n\r\n<p>　　&ldquo;主要还是它自身原因，一个是战略失败，管理不善，其次，扩张速度也与摩拜、ofo相差较远&rdquo;，黄治国透露，虽然管理团队曾向老股东提出增资请求，但基于当时的情况，且ofo、摩拜已经明显领先，股东们都不愿再继续为其续命。</p>\r\n\r\n<p>　　自2017年下半年起，小鸣单车的资金链问题开始曝出，逐渐出现押金难退的现象。当年10月，公司CEO离职，之后实控人邓永豪失联，公司裁员99%，随后管理瘫痪，停止运营。此前，小鸣先后在全国十几个城市投放共享单车43万余辆，收取用户押金总额8亿元。</p>\r\n\r\n<p>　　2018年5月19日，小鸣单车正式进入破产清算程序，据法院通报，截至6月27日，小鸣单车欠债总额逾7000万元，但公司账户上管理人当时仅接管到35万余元，资产主要是散落各地的自行车。当时，小鸣单车选择并将自行车以12元/辆的价格处理。</p>\r\n\r\n<p>　　&ldquo;后续虽然法院强制变卖单车，但最多只能支付员工的工资、供应商债款和破产清算的费用&rdquo;，黄治国称。小鸣单车前后融资规模超过1亿元，破产清算后，资方的投资款全部打了水漂，包括X基金的2500万。</p>\r\n\r\n<p>　　2500万投资款打了水漂， LP对X基金管理人的指责和批评不绝于耳。&ldquo;这个项目投资损失了，但其他投资项目的发展还不错，要通过其他项目对LP的利益做一些弥补&rdquo;，黄治国说。&nbsp;</p>\r\n\r\n<p>　　除了资金链断裂外，黄治国将小鸣单车失败的核心原因归于管理问题，&ldquo;整个团队没有清晰的规划，售后的维护、保修、各种服务、运营都出现很多问题&rdquo;。</p>\r\n\r\n<p>　　共享单车走到今天一地鸡毛，在黄治国看来，背后原因是&ldquo;多因一果&rdquo;，&ldquo;幸福的企业是相似的，不幸的企业各有各的不幸&rdquo;。&ldquo;如果摩拜能够一统线下的话，它赚钱还是比较容易的。其它公司死了并不代表这个商业模式在探索方面就失败了&rdquo;，他认为，共享单车今天仍未到终局。</p>\r\n\r\n<p>　　<strong>3</strong></p>\r\n\r\n<p>　　<strong>摩拜27亿美金卖给美团，有点可惜&nbsp;</strong></p>\r\n\r\n<p>　　<strong>&mdash;摩拜投资人、启明创投合伙人黄佩华</strong></p>\r\n\r\n<p>　　2016年10月，启明创投在摩拜C轮融资时进入，之后连续跟投了C-E轮。&ldquo;从来没有看到一个公司增长那么快，从几万到几十万到几百万订单一天。合伙人很兴奋。&rdquo;黄佩华说。</p>\r\n\r\n<p>　　在公开采访中，黄佩华多次谈到自己为什么会投摩拜&mdash;&mdash;&ldquo;这是令人感到兴奋的一个项目，因为它抓住了我们非常看好的趋势&rdquo;，她曾表示，包括高频、有益健身、环保、智能物联网络的创新。</p>\r\n\r\n<p>　　摩拜的估值也一路水涨船高，&ldquo;我们都曾设想过，摩拜会成为一个百亿美金量级的公司&rdquo;，黄佩华说。</p>\r\n\r\n<p>　　但在2018年4月3日深夜，摩拜股东会投票通过了美团收购方案&mdash;&mdash;美团以27亿美元作价收购摩拜，包括65％现金和35％美团股票，此外美团还承担摩拜（5亿-10亿美元）的债务。</p>\r\n\r\n<p>　　对于27亿美元对价，黄佩华称，&ldquo;我们还是会觉得有点可惜，因为估值一度远超这个价格。&rdquo;</p>\r\n\r\n<p>　　2017年冬天是共享单车的淡季，订单量极速下滑；那时候，摩拜、ofo被曝挪用超过60亿用户押金填补资金缺口。因此，摩拜、ofo的新一轮融资迟迟未能敲定，老投资人对双方合并的呼声越来越高，新投资人继续加码的信心受到动摇。</p>\r\n\r\n<p>　　对于美团开出的27亿美金对价方案，当时有摩拜投资人对媒体表示，&ldquo;摩拜被贱卖&rdquo;，他们显然对投资回报不满。</p>\r\n\r\n<p>　　王兴接受《财经》采访时否认了这一说法。&ldquo;接摩拜是要很大决心的，单车是比外卖、网约车更累更重的业务，而且看不到清晰的盈利模式，&rdquo;王兴表示，说（摩拜）贱卖是很不负责任的说法。</p>\r\n\r\n<p>　　作为此次交易中摩拜方的财务顾问，华兴资本包凡透露，摩拜的股东中没有人亏损，回报基本都超过20%。</p>\r\n\r\n<p>　　&ldquo;摩拜有好的退出，也挺好，大家都从中受益；摩拜走到一个比较成熟的阶段，需要有资源跟生态去支撑，所以我觉得加入美团也挺好的，成为整个本地生活服务的一部分&rdquo;，黄佩华说。</p>\r\n\r\n<p>　　2018年下半年，黄佩华将投资重心放在了东南亚的出海项目。她最近在看东南亚、印度的共享出行项目，聚焦在共享电单车和电动滑板车，&ldquo;这些项目适合在当地公共设施并不完善的小城推广&rdquo;。</p>\r\n\r\n<p>　　&ldquo;毕竟还是一个非常大的赛道，我的经验可能会给我一个不同的视角吧。&rdquo;黄佩华提到，&ldquo;经历过一次，我会知道它的坑在哪里，知道风险点在哪里。&rdquo;</p>\r\n\r\n<p>　　<strong>4</strong></p>\r\n\r\n<p>　　<strong>如果没有那么多钱，ofo也许活得更好</strong></p>\r\n\r\n<p>　　<strong>&mdash;前ofo管理层张希</strong></p>\r\n\r\n<p>　　2018年9月，张希从ofo离职了。在ofo的那段时间里，他自认为经历过的事情，包括个人成长，都超过在其它企业中的3-5年。</p>\r\n\r\n<p>　　但当他和老同事们复盘ofo的时候，几乎每个人都不甘心，他们自认为曾经拿过一手好牌，如果再多点时间，ofo肯定不是今天这个结果。所以，每个人都有遗憾，但是，这件事情就是这么一个结果，他们除了接受没有选择。</p>\r\n\r\n<p>　　&ldquo;共享单车到今天这个结果，并不是企业一方的问题。每一个身在这个环节里的人都有责任。&rdquo;他认为，ofo到今天这个地步，有ofo自己的问题，有管理团队的问题，也有投资方的问题。</p>\r\n\r\n<p>　　就团队的问题来说，他觉得，这个行业里没有人知道共享单车这种公司应该怎么管，ofo不知道，摩拜也不知道。</p>\r\n\r\n<p>　　比如，在造车成本上，究竟共享单车的质量和成本这条线到底应该放在哪，其实大家都不知道，都在摸索。摩拜最贵的车曾经达到1000多元/辆，ofo最便宜的车300多元/辆，但最后双方都拉到了700-1000元/辆的水平，彼此的成本已经非常接近。</p>\r\n\r\n<p>　　但张希认为，从供应链的整体解决方案来说，交的学费有点多，这里面肯定有很多可以优化管理的地方。</p>\r\n\r\n<p>　　在管理分工与合作方法上，无论摩拜还是ofo，都有一个混合编制的团队。比如ofo，它有<a class=\"keyword f_st\" href=\"http://stock.finance.sina.com.cn/usstock/quotes/BABA.html\" target=\"_blank\">阿里</a>系的人，有优步系的人，有<a class=\"keyword f_st\" href=\"http://stock.finance.sina.com.cn/usstock/quotes/AAPL.html\" target=\"_blank\">苹果</a>系的人，还有学生创业的团队。&ldquo;大家都是高管，但大家的知识背景和经验并不一样，内部的协同管理我觉得没有达到最优，有需要优化的地方&rdquo;，张希认为。&nbsp;</p>\r\n\r\n<p>　　ofo的管理难度让张希觉得超越想象，&ldquo;它纵向面对的是传统的自行车从生产到回收的全流程，这是一个纵向的结果。横向是互联网人才整合、运维管理、全球化布局等，这是我见到过的最复杂的模式&rdquo;。&nbsp;</p>\r\n\r\n<p>　　在管理方面，戴威也一直在寻找最好的解决方法，他一度找到福特全球最好的做汽车供应链的人来管ofo供应链，但是起色似乎不大。&ldquo;我到现在也不觉得，任何一个成熟的职业经理人，一定能管好ofo&rdquo;张希说，&ldquo;我们当时管理的困扰就是，我们的企业明明是个婴儿，但我们又是一个身高比成人还高的巨婴，怎么管？&rdquo;&nbsp;</p>\r\n\r\n<p>　　但是，在资本的疯狂助推下，年轻的管理团队又必须让ofo这个有着巨大身形的婴儿快速奔跑。所以，张希反过来想，&ldquo;如果没有那么多的钱，ofo可许会活得更好。&rdquo;&nbsp;</p>\r\n\r\n<p>　　<strong>5</strong></p>\r\n\r\n<p>　　<strong>大多数人被行业前景吸引，但背后的问题也让很多人不安</strong></p>\r\n\r\n<p>　　<strong>&mdash;ofo离职员工王鑫</strong></p>\r\n\r\n<p>　　2016年1月，王鑫在加入了ofo，担任市场部专员，半年后即升为市场经理。他亲眼目睹了2016年下半年，公司经历了4次融资后，是如何飞速扩张的。</p>\r\n\r\n<p>　　2017年2月，在ofo年会上，来自全国各地的员工已经超过3000人。&ldquo;在一些三、四线城市，都已经有几十人的团队，当时最大的感受就是自豪，这已经是一家上市公司的体量了。&rdquo;王鑫说。</p>\r\n\r\n<p>　　很长一段时间里，王鑫早上8点半打卡上班，晚上10点之后才离开办公室，&ldquo;每天和团队像打了鸡血的状态。周末大家一起聚餐、团建，都是骑着单车在北京城里逛。&rdquo; 王鑫提到，&ldquo;ofo团队大都是90后员工，大家彼此间没有隔阂，交流很顺畅，归属感也很强。&rdquo;</p>\r\n\r\n<p>　　大约在2016年中期，加入ofo，经历了扩张最快的事情，总部从100多人，扩展到上千人，不包括各地城市的运维团队，最开始是普通的市场专员，一年后升为市场经理。</p>\r\n\r\n<p>　　王鑫印象最深的是ofo人员扩张的速度。2016年年会时，已经有上千人的队伍，很多城市经理都到了现场，场面很大，很热闹。到了2017年，团队规模已经接近万人。</p>\r\n\r\n<p>　　当时，一个普通城市经理的报销额度可以达到1个月2万元。他提到，当时很难界定是不是贪腐，每个人都知道线下运营中有很多吃回扣的情况，还有人在供应链端吃空饷，但是扩张速度太快，这种情况很难避免。在很多总部的员工看来，在区域做运营是一块&ldquo;肥差&rdquo;，甚至王鑫有身边的同事还申请加入&ldquo;开城&rdquo;团队，以获得更高的收入。</p>\r\n\r\n<p>　　但随着ofo迅速扩张，王鑫和同事们心里也逐渐变得没底。他提到，团队运营的经费，经常&ldquo;饥一顿，饱一顿&rdquo;，同样的活动计划，上个月批准了，下个月就可能无法通过，&ldquo;上面的策略一直在变，也可能是当时没钱了，只能不断应付&rdquo; 。</p>\r\n\r\n<p>　　到了2017年底，王鑫的同事们开始陆续离职，有时一周吃3次送散伙饭。饭桌上，喝了酒之后，这群平均年龄都在30岁之下的90后们开始表达他们对ofo的各种感受。</p>\r\n\r\n<p>　　&ldquo;大多数人是被这个行业的前景吸引过来，虽然我们最初画的饼完成了，甚至远远超过预期。但是背后的问题还是让很多人不安。&rdquo;王鑫说，&ldquo;业内的质疑，媒体一轮一轮的唱衰，我们都面临很大的心里压力。&rdquo;</p>\r\n\r\n<p>　　在2018年初的年会上，ofo请来在立方庭办公时员工们最喜欢的民谣歌手赵雷，举办了一场以&ldquo;TOP ONE&rdquo;为主题的嘉年华。年会现场，来自全国各地的员工达3400人，现场热闹异常，甚至有些混乱。</p>\r\n\r\n<p>　　随后，ofo开启了多轮裁员，从各城市的运营团队入手，总部的多个团队也都有涉及。</p>\r\n\r\n<p>　　2018年7月，王鑫离开了ofo，用他的话说，离开是因为希望做一份更稳定的工作。</p>\r\n\r\n<p>　　<strong>6</strong></p>\r\n\r\n<p>　　<strong>白忙一场，共享单车不懂传统制造业</strong></p>\r\n\r\n<p>　　<strong>&mdash;摩拜供应商朱宁</strong></p>\r\n\r\n<p>　　2017年1月，天津大陶齿轮有限公司（下称&ldquo;大陶齿轮&rdquo;）总经理朱宁接到了第一批来自摩拜的订单&mdash;&mdash;生产1万套弧齿锥齿轮，这是摩拜早期无链条自行车的一种配件。</p>\r\n\r\n<p>　　朱宁很兴奋。作为一个传统小型的自行车配件制造厂，大陶齿轮和天津王庆坨很多厂家一样，渴望开拓新的客户。那时候，他们每月的产量通常只有几千套。</p>\r\n\r\n<p>　　幸福来的太突然，对于朱宁来说，摩拜1万套的订单只是&ldquo;毛毛雨&rdquo;。</p>\r\n\r\n<p>　　&ldquo;1万套跟我们说了没几天，又增加到2万套、3万套，最后变成能做多少要多少&rdquo;，朱宁告诉全天候科技，摩拜的订单迅速激增到他们难以想象的体量；后期最高峰时，大陶齿轮每月为摩拜供应5万套弧齿锥齿轮。</p>\r\n\r\n<p>　　订单量激增，产能跟不上怎么办？朱宁显然不希望眼前这块蛋糕飞了。他决定上更多设备。2017年2月，他下了订单，3个月后，拿到了第一台生产设备；那时候，受共享单车带动，配件生产设备的价格也一路高涨，朱宁2017年初开始咨询时25万元/台，到2017年2月他真正下决心采购时，已经涨到27万元/台。朱宁陆续上了10台新设备，投资总额约300万元。</p>\r\n\r\n<p>　　不过，随着摩拜订单量激增，采购单价也在迅速下调。他们从大陶齿轮采购的价格从最初约100元/套逐渐降至70多/套，后来又降到68元、38元。</p>\r\n\r\n<p>　　但让朱宁心里感觉舒服的是，他们交货后，摩拜能够快速结账，工厂的生意越发红红火火，&ldquo;这个量对于我们来说一开始是非常大的惊喜&rdquo;。</p>\r\n\r\n<p>　　但到了5月份，摩拜的各种变化让朱宁逐渐吃不消了。&ldquo;我们做一套齿轮是有周期的，快的话也需要半个月时间。我们齿胚订单下了之后，摩拜没过几天就告诉我们说在哪天前要把产品交上来，后面没交的就不要了&rdquo;，朱宁说这个节奏他们根本来不及转身。而到5月份时，他们采购的那批生产设备也才刚刚到货。</p>\r\n\r\n<p>　　进入6月份及之后，摩拜的产品不断调整，导致齿轮需求也随之改变。再后来，摩拜干脆换成了有链条自行车了。</p>\r\n\r\n<p>　　到2017年底，大陶决定不再为摩拜供货，但此前他们为摩拜备下的10万套齿胚还在仓库里躺着，100万元的采购成本几乎已经变成了废铁，新添置的10台生产设备也闲置了起来。</p>\r\n\r\n<p>　　总的算来，朱宁觉得他在共享单车上最终应该是亏掉了，但也不能说完全叫亏，毕竟设备是落在自己手里了。&ldquo;在我们这个行业里真正赚到钱的很少，感觉就是搞得一地鸡毛，白忙活了一场。&rdquo;他说，最初他们对共享单车的期望是非常高的，感觉像他们这样的传统行业终于有一天能跟互联网公司打交道，坐上顺风车了。</p>\r\n\r\n<p>　　让朱宁庆幸的是，他们当初没有完全丢掉老客户，今天还可以继续和他们做生意。而据媒体报道，大量生产厂商因为共享单车的急速扩张而被带飞，后又因共享单车的急刹车而库存高企或者被大量拖欠货款，最终关门歇业。上海凤凰、天津飞鸽、富士达、雷克斯等自行车生产商，都面临着动辄几千万元甚至上亿的欠款。在今年5月，上海凤凰对ofo提起诉讼，要求支付月6815.11万欠款。&nbsp;</p>\r\n\r\n<p>　　在朱宁看来，互联网公司转身太快，他们不了解传统制造行业，思维方式也不一样。&ldquo;正常的一款产品，我们要真正量产前肯定要经过几次试制，要去模拟实际的运用，真正没有问题之后我们才敢去量产；互联网公司的方式就是先上来先试，不行再改，但这样就导致前后环节产生了矛盾。&rdquo;&nbsp;</p>\r\n\r\n<p>　　<strong>7</strong></p>\r\n\r\n<p>　　<strong>转战海外，庆幸还活着</strong></p>\r\n\r\n<p>　　<strong>&mdash;优拜单车创始人余熠</strong></p>\r\n\r\n<p>　　12月中旬，余熠正在大雪纷飞的温哥华和团队一起策划新一轮的市场计划。优拜单车的北美分部就设在那里。</p>\r\n\r\n<p>　　在异国他乡，做共享单车业务的成本是国内的1.5倍到2倍。但余熠心里仍感到踏实，&ldquo;进入前，（当地）政府有关部门，会对商业模式进行很全面的评估，也会对具体投放的数量和区域给出建议。&rdquo; 目前，优拜单车在北美几十个城市进行投放，To B的广告业务等收入已经超过骑行产生的收入，营收在不断增长。</p>\r\n\r\n<p>　　2016年，余熠带着一个团队，全身心投入到共享单车创业大潮中。此前，他在大众点评工作了8年，曾是大众点评第三位工程师，点评电影事业部猫眼分公司负责人。</p>\r\n\r\n<p>　　&ldquo;当时（优拜）定位的核心是要做精品，注重产品研发，花了大量时间，研究智能锁，变速装置以及GPS定位，我们第一次发布产品也可以看出来，和同期的很多品牌相比，智能化和精细程度都很高，比如采用了镂空设计，重量也相对更轻，却能更好地防风等等&rdquo;，余熠介绍。</p>\r\n\r\n<p>　　2016年，优拜单车连续获得了3轮融资，总融资数量超过3亿美元。但到了2017年初，余熠发现，融资速度已经很难跟上整个行业狂飙突进的节奏，&ldquo;整个行业变成了一场资本的对决，资本没有太注意产品怎样，铺量越快优势越大。因此，几个有先发优势的企业上得特别快，把后来者甚至是差不多同一时间上线的一些企业都远远落在后面&rdquo;。</p>\r\n\r\n<p>　　2017年中期，已经把业务推进到十多座城市的余熠和团队不得不接受一个现实&mdash;&mdash;从财务模型上看，在国内发展几乎没有盈利的机会。</p>\r\n\r\n<p>　　余熠决定出海，搭建海外团队，根据不同国家的市场情况，推进共享单车的生意。</p>\r\n\r\n<div class=\"otherContent_01\" id=\"ad_44124\" style=\"clear:both; display:block; float:left; height:250px; margin-bottom:10px; margin-left:0px; margin-right:20px; margin-top:10px; overflow:hidden; padding:4px; width:300px\"><ins><ins><a href=\"http://saxn.sina.com.cn/dsp/click?t=MjAxOC0xMi0yMyAxOTowNTo1MC43NzcJMTExLjM0LjIwMC45OQkxNzIuMTYuMTgxLjk1XzE1NDU1NTYzOTUuOTY0NzYwCWIyY2YwYWJiLTE0ZWEtNGVhYS1hNGFjLTdlNTAyNDE3OThlZQkzNDE4NTAwCTU4OTUzMTc4MDBfUElOUEFJLUNQQwkzMTg3MDIyCTEyMjUxNQkzLjg0NjE1MzhFLTQJMQl0cnVlCVBEUFMwMDAwMDAwNTYwNTQJMzg5NDY2NAlQQwlpbWFnZQktCTB8MW9VZjRvc1NrUmROVDBMNVp6eG5PanxudWxsfG51bGx8Ymp8MzQxODUwMHw0NXh6dnA1SkNheHd6dWRFT0V3d3ZQfDB8fHx8Qnx8MHx8fDB8LTF8MHwJCTEJLQktCS0JMAkxNzIuMTYuMTgxLjk1XzE1NDU1NTYzOTUuOTY0NzYwCVBDX0lNQUdFCS0Jbm9ybWFsfHV2Zm0tcnQJCXVzZXJfdGFnOjIwMzE3OjAuMHx1c2VyX2FnZTo2MDA6MC4wfHVzZXJfZ2VuZGVyOjUwMDowLjB8dl96b25lOjMyNDAwMTowLjB8Y3Jvd2RzOnxfY3Jvd2RzOgkwCTEzMDAwMAk1MDAwMAktCQkwCQkxNmJhZDMxMi1lNGQ1LTM5OGQtOGVkZC05MDE1ZTZlOTZiM2MJMA==&amp;userid=172.16.181.95_1545556395.964760&amp;auth=5d0f5fc28ba49a14&amp;p=Ipt1%2B%2BJeNNuqCi%2BIvF57PZOXtgKvyNr9ZahoUQ%3D%3D&amp;url=http%3A%2F%2Fsaxn.sina.com.cn%2Fclick%3Fid%3D17%26t%3DMjI5Yjc1ZmItZTI1ZS0zNGRiLWFhMGEtMmY4OGJjNWU3YjNkCTE3CVBEUFMwMDAwMDAwNTYwNTQJMzg5NDY2NAkxCVJUQgktCVY1LjAuMF9fX0JYXzEwLjEzLjIyNC4xMjkJCQlpcDoxMTEuMzQuMjAwLjk5fGRldmljZWlkOnxjb29raWU6MTcyLjE2LjE4MS45NV8xNTQ1NTU2Mzk1Ljk2NDc2MHxkaWQ6fHBsYXQ6cGN8dHM6MTU0NTU2MzE1MHx0ZjowCTE2YmFkMzEyLWU0ZDUtMzk4ZC04ZWRkLTkwMTVlNmU5NmIzYw%253D%253D%26type%3D2%26url%3Dhttp%253A%252F%252Ftehui01.yg-mall.cn%252Fshou%252Fcsbxl6%252F%253Fgzid%253Dt300250%26sina_sign%3D74aeaf7a3bd5d3d4&amp;sign=27f2845a92f3bc06\" style=\"display:block;line-height:0;\" target=\"_blank\"><img alt=\"//s3.pfp.sina.net/ea/ad/15/7/2e0e6eecdd1008c78b564e81807315d3.jpg\" src=\"https://s3.pfp.sina.net/ea/ad/15/7/2e0e6eecdd1008c78b564e81807315d3.jpg\" style=\"border:0; height:250px; width:300px\" /></a></ins></ins>\r\n\r\n<div style=\"background:transparent url(&quot;//d2.sina.com.cn/litong/zhitou/sinaads/release/ad_logo_update_IAB.gif&quot;) no-repeat scroll 0% 0%; bottom:1px; height:13px; position:absolute; right:1px; width:26px; z-index:99\">&nbsp;</div>\r\n</div>\r\n\r\n<p>　　出海过程中，余熠印象最深的是，几乎每到一地，政府都会结合当地城市的实际情况对单车品牌做全面评估。在最初入驻的小城市，他们发现，国外用户付费意愿会更强，用户购买会员服务的意愿也会更强。</p>\r\n\r\n<p>　　&ldquo;我们现阶段不会有太大的野心，每进入一座城，都要精准点对点地布局，争取用骑行+广告业务的模式达到盈亏平衡线。之后我们还会在app中加入叫车服务，布局大出行。&rdquo; 余熠说。</p>\r\n\r\n<p>　　这次创业的过程让余熠感受颇深。&ldquo;马云说过，一个互联网企业，现在就算再牛，其实离破产也只有不到三个月的时间。&rdquo;他说，&ldquo;连马云都有这种危机意识，在共享单车这样一个竞争积累的行业，我们会持续焦虑的。&rdquo;</p>\r\n\r\n<p>　　但至少余熠和他的优拜有一线生机。&ldquo;现在看来（出海）这是一个正确的决策，当时和优拜一样处在二线梯队小鸣、小蓝单车等现在都已经死了，我们起码还活着，创始团队成员都还在。&rdquo; 隔着远洋电话，依然能感受到身在海外的余熠语气中的那种庆幸。</p>\r\n', '5', '2018-12-23 19:06:28', '6', '1', null, null);
INSERT INTO `article` VALUES ('19', '日本当好“协调员”世界会更稳定', '<div class=\"articalContent newfont_family\" id=\"sina_keyword_ad_area2\">\r\n<p><strong><span style=\"font-family:宋体\"><span style=\"color:red\">&mdash;&mdash;日本天天&ldquo;蒋&rdquo;【12月18日（星期二）篇】</span></span></strong></p>\r\n\r\n<p><a href=\"http://photo.blog.sina.com.cn/showpic.html#blogid=615fb6320102yd47&amp;url=http://album.sina.com.cn/pic/001MyGfozy7q5Jl4T7r79\" target=\"_blank\"><img alt=\"日本当好“协调员”世界会更稳定\" src=\"http://s10.sinaimg.cn/mw690/001MyGfozy7q5Jl4T7r79&amp;690\" title=\"日本当好“协调员”世界会更稳定\" /></a><br />\r\n<span style=\"font-family:宋体\">不久前，被誉为&ldquo;全球顶级峰会&rdquo;的二十国集团（</span>G20<span style=\"font-family:宋体\">）领导人会议在阿根廷首都布宜诺斯艾利斯举行。在世界局势剧烈动荡的背景下，此次峰会显得尤其重要。</span></p>\r\n\r\n<p><span style=\"font-family:宋体\">二十国集团的人口占全球的2/3，国土面积占全球的60%，国内生产总值占全球的90%，贸易额占全球的75%&hellip;&hellip;作为全球合作的主要平台，G20在引领和推动国际经济合作方面具有举足轻重的作用。</span></p>\r\n\r\n<p><span style=\"font-family:宋体\">此次峰会上，世界前三经济体的领导人&mdash;&mdash;美国总统特朗普、中国国家主席习近平、日本首相安倍晋三都发挥各自影响力，展现出非常积极的姿态。中国国家主席习近平与美国总统特朗普就稳定中美贸易关系达成的重要共识，决定停止升级关税等贸易限制措施，立即着手解决彼此关切的问题，深受国际社会欢迎。此种背景下，世界各国似乎看到了全球经济局势趋向稳定的苗头。作为世界第三大经济体的日本，也在其中发挥着积极协调作用。</span></p>\r\n\r\n<p><span style=\"font-family:宋体\">对于日本来说，二十国集团这种多边会议是可以充分利用的好时机。日本与各国紧密合作，对国际经济增长及国际秩序稳定发挥了独特作用。</span></p>\r\n\r\n<p><span style=\"font-family:宋体\">二十国集团领导人峰会上，日本首相安倍晋三强调&ldquo;保护主义和贸易限制措施，对任何国家都没有好处&rdquo;，表现出担心中美贸易摩擦升级的明确态度。安倍晋三首相认为，对抗贸易保护主义，需要大力推进自由贸易。正如他所说，各国已经认识到，美中贸易摩擦是威胁世界经济的重大风险因素，各国都需要推动美中两国解决问题，缓解风险。</span></p>\r\n\r\n<p><span style=\"font-family:宋体\">在11月的亚太经济合作会议（APEC）首脑会议上，由于中美对立不断升级，冲突加剧，最后未能通过有会以来的首脑宣言，让世界非常遗憾。而能否修复两国之间的裂缝，是G20峰会的重大课题。安倍晋三首相在峰会上与中美两国领导人举行的首脑会谈，是非常及时的对应举措。</span></p>\r\n\r\n<p><span style=\"font-family:宋体\">安倍晋三首相在与美国总统特朗普举行首脑会谈时，确认了促进中国的&ldquo;建设性作用&rdquo;。安倍晋三首相与中国国家主席习近平会谈时表示，期待中国对G20做出更多贡献，并重视美国提出的国有企业补贴及知识产权保护问题。</span></p>\r\n\r\n<p><span style=\"font-family:宋体\">日本不仅是G20明年的主办国，还在中美之间扮演着独特的角色。因此，承担起更多协调作用，坚决阻止中美对立尖锐化，确实是日本最为明智的选择。</span></p>\r\n\r\n<p><span style=\"font-family:宋体\">峰会上，安倍晋三首相与特朗普总统、印度总理莫迪就努力实现&ldquo;自由开放的印度太平洋&rdquo;达成了一致。与此同时，安倍晋三首相还通过与中国国家主席习近平的会谈，确认了中日关系的进展。习近平主席明确表示&ldquo;对两国的前途有信心&rdquo;。</span></p>\r\n\r\n<p><span style=\"font-size:10.5pt\"><span style=\"font-family:宋体\">如此一来，日本实际上并没有像以前一样选边站队，而是采取了一种&ldquo;平衡外交&rdquo;战略。其实，这种战略才有助于日本发挥更好的协调与沟通作用。从以往的经验来看，无论美国实施何种战略，都具有很大的弹性与调整空间。而盟国的态度，往往会对调整起到至关重要的作用。中国也一直奉行积极、开放的态度，愿意听取更多国家的意见与建议。从两方面看，日本都有很大的协调空间。只要趁势抓住这一有利窗口期，日本将在国际上拥有更大的影响力与话语权，而世界也会因日本的积极行动更加稳定与平衡，怎么看都是&ldquo;只赚不赔&rdquo;的好事情，何乐而不为！</span></span></p>\r\n</div>\r\n', '6', '2018-12-23 19:09:13', '6', '1', null, null);
INSERT INTO `article` VALUES ('20', '博客连载：超酷，这7本行摄指南，将整个世界搬到你的眼前', '<p style=\"text-align:center\"><span style=\"font-size:10.5pt\"><span style=\"font-family:微软雅黑\"><span style=\"color:#787878\">世界是一本书，不旅行的人只看到其中的一页。</span></span></span></p>\r\n\r\n<p style=\"text-align:center\"><span style=\"color:#787878\"><span style=\"font-size:10.5000pt\"><span style=\"font-family:微软雅黑\">旅途中遇见形形色色的人，听听不同的语言，享受遇到的每一件事情，并记录下来，都是很大的快乐。</span></span></span></p>\r\n\r\n<p style=\"text-align:center\"><span style=\"color:#787878\"><span style=\"font-size:10.5000pt\"><span style=\"font-family:微软雅黑\"><span style=\"font-family:微软雅黑\">不然怎么会有人喊着</span>&ldquo;世界这么大，我要去看看&rdquo;呢？</span></span></span></p>\r\n\r\n<p style=\"text-align:center\"><span style=\"color:#787878\"><span style=\"font-size:10.5000pt\"><span style=\"font-family:微软雅黑\">&ldquo;想去，但有钱没时间，有时间没钱啊。&rdquo;</span></span></span></p>\r\n\r\n<p style=\"text-align:center\"><span style=\"color:#787878\"><span style=\"font-size:10.5000pt\"><span style=\"font-family:微软雅黑\">&ldquo;出门太麻烦了，人山人海的，不喜欢&rdquo;</span></span></span></p>\r\n\r\n<p style=\"text-align:center\"><span style=\"color:#787878\"><span style=\"font-size:10.5000pt\"><span style=\"font-family:微软雅黑\">&ldquo;超级想去啊，但一个人的出行总是很孤独。&rdquo;</span></span></span></p>\r\n\r\n<p style=\"text-align:center\"><span style=\"color:#787878\"><span style=\"font-size:10.5000pt\"><span style=\"font-family:微软雅黑\">&ldquo;刚订好机票，就被叫回去加班。&rdquo;</span></span></span></p>\r\n\r\n<p style=\"text-align:center\"><span style=\"color:#787878\"><span style=\"font-size:10.5000pt\"><span style=\"font-family:微软雅黑\">但生活种种出其不意的糟糕事，总是打乱了我们的出行计划。</span></span></span></p>\r\n\r\n<p style=\"text-align:center\"><span style=\"font-size:10.5pt\"><span style=\"font-family:微软雅黑\"><u><span style=\"font-family:微软雅黑\"><span style=\"color:#787878\">没关系，这一期，在</span><strong><span style=\"color:#ff7e00\">博客</span></strong></span><strong><span style=\"color:#ff7e00\">APP</span></strong><span style=\"color:#787878\">上为你挑选的7本行摄指南，直接将整个世界搬到你的眼前。</span></u></span></span></p>\r\n\r\n<p style=\"text-align:center\"><u><span style=\"color:#787878\">在家躺着都能体验美景，感受当地的风情人俗。</span></u></p>\r\n\r\n<p style=\"text-align:center\"><span style=\"font-size:10.5000pt\"><span style=\"font-family:微软雅黑\"><span style=\"color:#787878\">跟着镜头一起去冒险吧。</span></span></span></p>\r\n', '6', '2018-12-23 19:09:43', '6', '1', null, null);
INSERT INTO `article` VALUES ('21', '文中部分图片来源于网络，如有侵权请私信联系后台', '<p style=\"margin-left:0px; margin-right:0px\">几千年汉字史，百年白话文，网络流行语二十年，热点话题潮起潮落，都能诞生数量可观的段子、表情包，还有属于我们这个时代的网络新生活。</p>\r\n\r\n<p style=\"margin-left:0px; margin-right:0px\">2016年的时候我们使出了「洪荒之力」，就为了实现一个「小目标」；2017年的时候「贫穷又限制了我的想象」；到了2018年「确认过眼神」又有一大批网络流行语「C位出道」。</p>\r\n\r\n<p style=\"margin-left:0px; margin-right:0px\">下面，我们盘点出了2018年最流行的十个网络流行语：</p>\r\n\r\n<p style=\"margin-left:0px; margin-right:0px\">&nbsp;</p>\r\n\r\n<p style=\"margin-left:0px; margin-right:0px\"><strong>01</strong></p>\r\n\r\n<p style=\"margin-left:0px; margin-right:0px\"><strong>土味情话</strong></p>\r\n\r\n<p style=\"margin-left:0px; margin-right:0px\">「土味情话」是由来已久的「土味文化」的一个小分支，土味情话能从原本的小众文化发展成为大众文化，是由于2018《偶像练习生》爆红网络，在节目花絮里面练习生土味情话大比拼在网络上引起热议。一时间满屏都是听起来很肉麻很腻人又有点乡土感的情话：</p>\r\n\r\n<p style=\"margin-left:0px; margin-right:0px; text-align:center\"><img alt=\"2018中国互联网哈哈榜之2：十大网络流行语\" src=\"https://wx1.sinaimg.cn/large/56c35a55gy1fyd5l34j5wj20hs09twgj.jpg\" style=\"display:block; margin:0px auto; max-width:100%\" title=\"2018中国互联网哈哈榜之2：十大网络流行语\" /></p>\r\n\r\n<p style=\"margin-left:0px; margin-right:0px\">你知道我想成为什么人吗？</p>\r\n\r\n<p style=\"margin-left:0px; margin-right:0px\">什么人？</p>\r\n\r\n<p style=\"margin-left:0px; margin-right:0px\">你的人。</p>\r\n\r\n<p style=\"margin-left:0px; margin-right:0px\">你会弹吉他吗？</p>\r\n\r\n<p style=\"margin-left:0px; margin-right:0px\">不会。</p>\r\n\r\n<p style=\"margin-left:0px; margin-right:0px\">那你怎么拨动了我的心弦。</p>\r\n\r\n<p style=\"margin-left:0px; margin-right:0px\">你害我？！</p>\r\n\r\n<p style=\"margin-left:0px; margin-right:0px\">我怎么害你了呀？</p>\r\n\r\n<p style=\"margin-left:0px; margin-right:0px\">害我那么喜欢你！</p>\r\n\r\n<p style=\"margin-left:0px; margin-right:0px\">我觉得你今天有点奇怪&hellip;</p>\r\n\r\n<p style=\"margin-left:0px; margin-right:0px\">哪里怪？</p>\r\n\r\n<p style=\"margin-left:0px; margin-right:0px\">怪好看的~</p>\r\n\r\n<p style=\"margin-left:0px; margin-right:0px\">&nbsp;</p>\r\n\r\n<p style=\"margin-left:0px; margin-right:0px\"><strong>02</strong></p>\r\n\r\n<p style=\"margin-left:0px; margin-right:0px\"><strong>佛系</strong></p>\r\n\r\n<p style=\"margin-left:0px; margin-right:0px\">佛系，并不是说信仰，而是一种生活态度。现在的年轻人，刚刚走出校园，就面临着巨大的压力。他们外表看上去和普通人一样，但是内心比较麻木和随意。</p>\r\n\r\n<p style=\"margin-left:0px; margin-right:0px\">有也行，没有也行，不争不抢，不求输赢，随心所欲地活着。他们当然知道这种生活状态是不好的，但是在社会的重压下，他们实在疲于反抗。这种看似佛系超然的心态，其实表达的是一种负面、丧气、消极抵抗的生活态度。</p>\r\n\r\n<p style=\"margin-left:0px; margin-right:0px\">比如佛系购物的心态就是：不确认、不点评、不退货。在网上购物时，能自己解决的问题绝不麻烦客服，尺寸大小色差自己研究页面搞定，能凑合用的东西肯定懒得换，反正只要心态美，一切都很美，我不找你，你也别找我，卖家买家各自安好，咱们有缘再见。经典语录：「我们买的不是东西，是和平。」</p>\r\n\r\n<p style=\"margin-left:0px; margin-right:0px\">&nbsp;</p>\r\n\r\n<p style=\"margin-left:0px; margin-right:0px\"><strong>03</strong></p>\r\n\r\n<p style=\"margin-left:0px; margin-right:0px\"><strong>C位出道</strong></p>\r\n\r\n<p style=\"margin-left:0px; margin-right:0px\">「C位」一词最早来源于游戏领域，是指能够带动全场节奏，属于主力输出的低位。此后，C位一词逐渐扩大到娱乐圈，是指在合影、海报、舞蹈表演时，处于中心的艺人，C位是对艺人实力的最好证明。 「C位出道」是形容某个歌手艺人在团体中的实力很强，作为团队灵魂中心人物被大家了解关注。</p>\r\n\r\n<p style=\"margin-left:0px; margin-right:0px\">这一说法的流行与大火的选秀节目《偶像练习生》、《创造101》中的第一名可以获得C位出道机会有关。此外，自「C位」一词流行后，每当有众多明星一起拍照的场合，谁站「C位」也成了网友津津乐道的看点，有时各家粉丝还为「C位之争」掀起口水战。</p>\r\n\r\n<p style=\"margin-left:0px; margin-right:0px; text-align:center\"><img alt=\"2018中国互联网哈哈榜之2：十大网络流行语\" src=\"https://wx3.sinaimg.cn/large/56c35a55gy1fyd5l6bvovj20ka0a97kt.jpg\" style=\"display:block; margin:0px auto; max-width:100%\" title=\"2018中国互联网哈哈榜之2：十大网络流行语\" /></p>\r\n\r\n<p style=\"margin-left:0px; margin-right:0px\">现在，大家也用这个词代表一些在某一方面很有能力，受到大家关注的人。比如说：不要叫醒我，我准备在懒觉界C位出道~</p>\r\n\r\n<p style=\"margin-left:0px; margin-right:0px\">&nbsp;</p>\r\n\r\n<p style=\"margin-left:0px; margin-right:0px\"><strong>04</strong></p>\r\n\r\n<p style=\"margin-left:0px; margin-right:0px\"><strong>确认过眼神</strong></p>\r\n\r\n<p style=\"margin-left:0px; margin-right:0px\">林俊杰一定不会想到，十年后自己的一句歌词爆红于网络。「确认过眼神」是如今的万能吐槽神句，它完美的继承了互联网时代神转折的精神。</p>\r\n\r\n<p style=\"margin-left:0px; margin-right:0px\">这句话开始流行起来是在2018年2月15日，微博网友发布了一篇 「确认过眼神，你是广东人」并配以一张1块钱毛爷爷红包图的内容，借以吐槽广东人的红包面额很小，引发了网友们的共鸣。</p>\r\n\r\n<p style=\"margin-left:0px; margin-right:0px\">后来在抖音里，在微博里，这句话加上众多网友的二次创作，登上了吐槽金句的第一把交椅。比如：确认过眼神，是不想理的人；确认过眼神，是没睡醒的人；确认过眼神，是惹不起的人&hellip;&hellip;</p>\r\n\r\n<p style=\"margin-left:0px; margin-right:0px\">&nbsp;</p>\r\n\r\n<p style=\"margin-left:0px; margin-right:0px\"><strong>05</strong></p>\r\n\r\n<p style=\"margin-left:0px; margin-right:0px\"><strong>官宣</strong></p>\r\n\r\n<p style=\"margin-left:0px; margin-right:0px\">官宣是什么意思呢？就是很字面的意思，官方宣布。</p>\r\n\r\n<p style=\"margin-left:0px; margin-right:0px\">2018年10月16日，赵丽颖在微博晒出和冯绍峰的结婚证，并且配文：官宣。与此同时冯绍峰也发了一条一模一样的微博，官宣体就此产生。</p>\r\n\r\n<p style=\"margin-left:0px; margin-right:0px\">随后不管是发微博还是朋友圈，不管是领证书还是上课打卡，就连和朋友一起吃个饭都得官宣一下。至此，官宣体就火了起来。</p>\r\n\r\n<p style=\"margin-left:0px; margin-right:0px\">&nbsp;</p>\r\n\r\n<p style=\"margin-left:0px; margin-right:0px\"><strong>06</strong></p>\r\n\r\n<p style=\"margin-left:0px; margin-right:0px\"><strong>安排</strong></p>\r\n\r\n<p style=\"margin-left:0px; margin-right:0px\">这个词，懂的人很喜欢用，不懂的人就觉得莫名其妙。</p>\r\n\r\n<p style=\"margin-left:0px; margin-right:0px\">该词原本的意思是制定一个短期内的计划。而安排这个梗出处是快手，是东北话里的一个词，通常含有处理、教训、惩治的含义。比较常见的用法有「被安排的明明白白」意思为被收拾的妥妥帖帖。</p>\r\n\r\n<p style=\"margin-left:0px; margin-right:0px\">「安排上了」意思为要修理处置某个人、事、物的计划已经提上日程，拿出小本本记上了，也有走后门、暗箱操作的意思。</p>\r\n\r\n<p style=\"margin-left:0px; margin-right:0px\">不过这个梗要活学活用，有很多延伸的意思。</p>\r\n\r\n<p style=\"margin-left:0px; margin-right:0px; text-align:center\"><img alt=\"2018中国互联网哈哈榜之2：十大网络流行语\" src=\"https://wx2.sinaimg.cn/large/56c35a55gy1fyd5l39w5dg209s09qt8w.gif\" style=\"display:block; margin:0px auto; max-width:100%\" title=\"2018中国互联网哈哈榜之2：十大网络流行语\" /></p>\r\n\r\n<p style=\"margin-left:0px; margin-right:0px\">比如「内涵段子被安排了」，等同于封禁的意思，这里是委婉的说法。再比如在短视频评论区里看到「这个小姐姐安排一下」，说的就是让看视频的小伙伴去撩一下或者要个微信号什么的，属于一种带有调侃诙谐意味的评论。</p>\r\n\r\n<p style=\"margin-left:0px; margin-right:0px\">&nbsp;</p>\r\n\r\n<p style=\"margin-left:0px; margin-right:0px\"><strong>07</strong></p>\r\n\r\n<p style=\"margin-left:0px; margin-right:0px\"><strong>凉凉</strong></p>\r\n\r\n<p style=\"margin-left:0px; margin-right:0px\">《凉凉》原本是张碧晨和杨宗纬为电视剧《三生三世十里桃花》所演唱的片尾曲，以其古风作词及优美的歌声，传唱度颇高。</p>\r\n\r\n<p style=\"margin-left:0px; margin-right:0px\">「一首凉凉送给某某」是「凉凉」衍生发展而来的梗，最早源自于直播间里，有些主播在直播玩游戏的时候，一般「死了」就会说成「凉了凉了」，这时直播间里的观众一般就会在弹幕上刷「一首凉凉送给主播」，然后这个梗就慢慢地传到了微博、贴吧等地，慢慢地被更多人所熟知，从而开始不断走红网络。</p>\r\n\r\n<p style=\"margin-left:0px; margin-right:0px\">&nbsp;</p>\r\n\r\n<p style=\"margin-left:0px; margin-right:0px\"><strong>08</strong></p>\r\n\r\n<p style=\"margin-left:0px; margin-right:0px\"><strong>skr skr</strong></p>\r\n\r\n<p style=\"margin-left:0px; margin-right:0px\">你还记得去年的「你有freestyle」吗？，继这之后，2018年的《中国新说唱》，吴亦凡又带火了「skr」这词，时刻将其挂在嘴边「我觉得就是skr, skr」...大概含义就是对此表示认可、表扬，我觉得很「赞」~</p>\r\n\r\n<p style=\"margin-left:0px; margin-right:0px; text-align:center\"><img alt=\"2018中国互联网哈哈榜之2：十大网络流行语\" src=\"https://wx4.sinaimg.cn/large/56c35a55gy1fyd5l41w1rj20rs0gonga.jpg\" style=\"display:block; margin:0px auto; max-width:100%\" title=\"2018中国互联网哈哈榜之2：十大网络流行语\" /></p>\r\n\r\n<p style=\"margin-left:0px; margin-right:0px\">而广大网友们又运用skr的发音，脑洞大开，遣词造句，制作表情包，诸如「热skr人了」、「请skr而止」、「你真skr小机灵鬼」...</p>\r\n\r\n<p style=\"margin-left:0px; margin-right:0px\">&nbsp;</p>\r\n\r\n<p style=\"margin-left:0px; margin-right:0px\"><strong>09</strong></p>\r\n\r\n<p style=\"margin-left:0px; margin-right:0px\"><strong>大猪蹄子</strong></p>\r\n\r\n<p style=\"margin-left:0px; margin-right:0px\">打开热播剧《延禧攻略》，乾隆帝一出现，弹幕里就必定有「男人都是大猪蹄子」这句slogan飘过。</p>\r\n\r\n<p style=\"margin-left:0px; margin-right:0px\">其实这个梗早在2017年8月份，就因为一组「男人都是大猪蹄子」表情包，而被吃瓜群众认识并使用了。这句可爱又不失优雅的吐槽，说出了广大女性的心声，还成功解决了小仙女们「好气哦，又不能骂粗话」的世纪难题，一经推出就引起了妹子们的注意与喜爱。</p>\r\n\r\n<p style=\"margin-left:0px; margin-right:0px\">但「大猪蹄子」这四个字的迷惑性很强，有些男生在被diss之后，甚至还会以为这是在夸他。虽然这句话听起来自带娇嗔效果，但请各位男生不要误会，大猪蹄子就是大猪蹄子，真的一点都没有在夸你的意思。</p>\r\n\r\n<p style=\"margin-left:0px; margin-right:0px\">它既可以用来吐槽不解风情，自私自利、不懂照顾人的钢铁直男，也可以用来diss男生的善变：前一秒还跟在你屁股后面献殷勤，下一秒就一脚把你踢开，像猪蹄子踹人那么劲道！所以大猪蹄子其实是形容渣男变心时的无情，「男人都是大猪蹄子」用俗话说就是「男人没一个好东西」！</p>\r\n\r\n<p style=\"margin-left:0px; margin-right:0px\">&nbsp;</p>\r\n\r\n<p style=\"margin-left:0px; margin-right:0px\"><strong>10</strong></p>\r\n\r\n<p style=\"margin-left:0px; margin-right:0px\"><strong>求生欲</strong></p>\r\n\r\n<p style=\"margin-left:0px; margin-right:0px\">在女生抛出一连串致命问题时，男生以一流的应变能力、推理能力来找到最好的回复方式，我们把这称之为求生欲。</p>\r\n\r\n<p style=\"margin-left:0px; margin-right:0px; text-align:center\"><img alt=\"2018中国互联网哈哈榜之2：十大网络流行语\" src=\"https://wx2.sinaimg.cn/large/56c35a55gy1fyd5l5vfhgj212w0oa7wi.jpg\" style=\"display:block; margin:0px auto; max-width:100%\" title=\"2018中国互联网哈哈榜之2：十大网络流行语\" /></p>\r\n\r\n<p style=\"margin-left:0px; margin-right:0px\">我们来看看求生欲很强的人是怎么应对送命题的：</p>\r\n\r\n<p style=\"margin-left:0px; margin-right:0px\">女：如果我们分手了你第一件事做什么?</p>\r\n\r\n<p style=\"margin-left:0px; margin-right:0px\">男：我们不可能分手!</p>\r\n\r\n<p style=\"margin-left:0px; margin-right:0px\">女：我吃药的时候看到窗外有一个东西&hellip;.</p>\r\n\r\n<p style=\"margin-left:0px; margin-right:0px\">男：你生病了吗?为什么要吃药?</p>\r\n\r\n<p style=\"margin-left:0px; margin-right:0px\">女：我用眼线笔的时候没墨了，甩了一下，甩到你的白衬衣上了。</p>\r\n\r\n<p style=\"margin-left:0px; margin-right:0px\">男：买新的。</p>\r\n\r\n<p style=\"margin-left:0px; margin-right:0px\">女：什么买新的?</p>\r\n\r\n<p style=\"margin-left:0px; margin-right:0px\">男：眼线笔。</p>\r\n\r\n<p style=\"margin-left:0px; margin-right:0px\">网络流行语最关键的就是一种精神上的共鸣，有些网络语使我们不约而同地get到同一个点，欣喜于那一瞬间带来的心灵相通。</p>\r\n\r\n<p style=\"margin-left:0px; margin-right:0px\">&nbsp;</p>\r\n\r\n<p style=\"margin-left:0px; margin-right:0px\">十大网络流行语是2018中国互联网哈哈榜的第2个榜单，之前我们推出过一个榜单叫「十大事件」。后续我们还会推出更多的榜单，希望大家能够持续关注。</p>\r\n\r\n<p style=\"margin-left:0px; margin-right:0px\">&nbsp;</p>\r\n\r\n<p style=\"margin-left:0px; margin-right:0px\">注释：文中部分图片来源于网络，如有侵权请私信联系后台。</p>\r\n', '6', '2018-12-23 19:10:31', '6', '1', null, null);
INSERT INTO `article` VALUES ('22', 'This is a pic news', '<div style=\"overflow:hidden; width:32766px\">\r\n<div style=\"float:left; overflow:hidden\">\r\n<div class=\"box\"><a href=\"http://slide.news.sina.com.cn/y/slide_1_63957_346695.html#p=1\" target=\"_blank\"><img alt=\"“禅意摄影月赛”首期获奖作品\" src=\"http://n.sinaimg.cn/news/transform/700/w1000h500/20181221/rxCw-hqnkyps2745128.jpg\" /></a></div>\r\n</div>\r\n</div>\r\n', '7', '2018-12-23 19:11:12', '6', '1', null, null);
INSERT INTO `article` VALUES ('23', '文中部分图片来源于网络，如有侵权请私信联系后台', '<div class=\"swp-hd\" id=\"SI_Cont\" style=\"width:950px\">\r\n<ul>\r\n	<li>\r\n	<div class=\"swp-img\"><img src=\"http://n.sinaimg.cn/ent/4_img/upload/d411fbc6/300/w1500h2000/20181223/Jg2f-hqqzpku6587379.jpg\" style=\"height:1266px; width:950px\" /></div>\r\n	</li>\r\n</ul>\r\n</div>\r\n', '7', '2018-12-23 19:11:55', '6', '1', null, null);
INSERT INTO `article` VALUES ('24', '保守的秦岚又双叒缝衣服了 但这次娘娘没亲自动手', '<div class=\"swp-hd\" id=\"SI_Cont\" style=\"width:950px\">\r\n<ul>\r\n	<li>\r\n	<div class=\"swp-img\"><img src=\"http://n.sinaimg.cn/ent/4_img/upload/abfedd8e/649/w900h1349/20181222/PsvQ-hqqzpku1738165.jpg\" style=\"height:1349px; width:900px\" /></div>\r\n	</li>\r\n</ul>\r\n</div>\r\n', '7', '2018-12-23 19:12:21', '6', '1', null, null);
INSERT INTO `article` VALUES ('25', 'D级车的标杆，2020年推出的第十一代车型有何变化？', '<div class=\"quotation\">\r\n<p>说到D级车的标杆，那必然是梅赛德斯奔驰S级莫属了。现如今的第十代奔驰S级于2013年推出，已经有5年的时间了，近日，外媒消息称，全新一代奔驰S级正在进行冬季测试，新车代号为W223，计划将于2020年</p>\r\n</div>\r\n\r\n<div class=\"article clearfix\" id=\"artibody\">\r\n<p>说到D级车的标杆，那必然是梅赛德斯奔驰S级莫属了。现如今的第十代奔驰S级于2013年推出，已经有5年的时间了，近日，外媒消息称，全新一代奔驰S级正在进行冬季测试，新车代号为W223，计划将于2020年上市，那么作为第十一代车型又有何变化呢？我们来详细了解下吧。</p>\r\n\r\n<div class=\"img_wrapper\"><img alt=\"D级车的标杆，2020年推出的第十一代车型有何变化？\" src=\"http://n.sinaimg.cn/sinacn20118/247/w640h407/20181222/db1a-hqqzpku2987114.jpg\" /></div>\r\n\r\n<p>其实在今年已经数次有媒体拍到了奔驰S级的路试谍照，但是由于外观有较为厚重的伪装覆盖，所以很多信息还是无法确认。尽管奔驰在今年刚推出了中期改款产品，但此次的新车将会带来全新的外观设计和奢华的内饰配置以及搭载更多先进的技术，届时，将会领先于宝马7系和奥迪A8，而是直接对标宝马全新车型8系。</p>\r\n\r\n<div class=\"img_wrapper\"><img alt=\"D级车的标杆，2020年推出的第十一代车型有何变化？\" src=\"http://n.sinaimg.cn/sinacn20118/206/w617h389/20181222/27bc-hqqzpku2987190.jpg\" /></div>\r\n\r\n<p>首先外观方面，我们透过厚重的伪装还是能够看到其部分的变化所在的，采用最新的家族式设计语言，前脸格栅进行了优化升级，更加精致，而格栅中间有块黑色布遮盖，或将为一些辅助驾驶的传感器，两侧的大灯造型有了很明显的变化，更加时尚充满现代化。</p>\r\n\r\n<div class=\"img_wrapper\"><img alt=\"D级车的标杆，2020年推出的第十一代车型有何变化？\" src=\"http://n.sinaimg.cn/sinacn20118/211/w592h419/20181222/bc6d-hqqzpku2987220.jpg\" /></div>\r\n\r\n<p>侧面整个车身线条更加流畅自然，据悉，新车在轴距方面将会加长，所以将会有更加充裕的驾乘空间。车门把手进行了大面积遮盖，或将是对于隐藏式门把手进行测试。全新奔驰S级的尾部也有一定的变化，首先就是突出的尾灯，更加立体自然，加上下方的排气装置，为新车增添一种运动气息。</p>\r\n\r\n<div class=\"img_wrapper\"><img alt=\"D级车的标杆，2020年推出的第十一代车型有何变化？\" src=\"http://n.sinaimg.cn/sinacn20118/196/w592h404/20181222/f6ad-hqqzpku2987286.jpg\" /></div>\r\n\r\n<p>内饰的相关信息就比较少了，不过根据谍照可以推测，全新一代奔驰S级或将取消双联屏的设计，改为非常少见的曲面中控屏，科技感十足，将搭载最新版的信息娱乐系统。值得一提的是，新车在用料方面也是考虑周到，采用轻型架构以及铝合金和碳纤维相结合的超轻量化复合材料。</p>\r\n\r\n<div class=\"img_wrapper\"><img alt=\"D级车的标杆，2020年推出的第十一代车型有何变化？\" src=\"http://n.sinaimg.cn/sinacn20118/248/w640h408/20181222/303d-hqqzpku2987341.jpg\" /></div>\r\n\r\n<p>不过，在先进技术使用上才是它的重头戏，新车将会在现款自动驾驶功能基础上，搭载最新的L3级别的辅助驾驶功能，戴姆勒研发总监曾表示，目前该级别的自动驾驶功能只是作为选装配置，后期或将会应用到其他车型上。动力上，将会推出汽油、柴油以及48伏混动版本车型，此外，还将提供AMG高性能版本。</p>\r\n\r\n<div class=\"img_wrapper\"><img alt=\"D级车的标杆，2020年推出的第十一代车型有何变化？\" src=\"http://n.sinaimg.cn/sinacn20118/195/w640h355/20181222/2e93-hqqzpku2987668.jpg\" /></div>\r\n</div>\r\n', '8', '2018-12-23 19:13:11', '6', '1', null, null);
INSERT INTO `article` VALUES ('26', '兰博基尼鬼怪为什么用日产的大灯，知道真相，车主难以接受', '<div class=\"quotation\">\r\n<p>导读：兰博基尼鬼怪为什么用日产的大灯，知道真相，车主难以接受，原来这不是眼影。很多人不明白两个问题，第一，兰博基尼为什么要取消跳灯？第二，兰博基尼鬼怪为什么要用日产的车灯呢？现在很多零件都是通用的，以</p>\r\n</div>\r\n\r\n<div class=\"article clearfix\" id=\"artibody\">\r\n<p>&nbsp;</p>\r\n\r\n<div class=\"img_wrapper\"><img alt=\"兰博基尼鬼怪为什么用日产的大灯，知道真相，车主难以接受\" src=\"http://n.sinaimg.cn/sinacn10120/475/w800h475/20181222/883f-hqqzpku3305109.jpg\" /></div>\r\n\r\n<p>&nbsp;</p>\r\n\r\n<p>导读：兰博基尼鬼怪为什么用日产的大灯，知道真相，车主难以接受，原来这不是眼影。</p>\r\n\r\n<p>很多人不明白两个问题，第一，兰博基尼为什么要取消跳灯？第二，兰博基尼鬼怪为什么要用日产的车灯呢？现在很多零件都是通用的，以大众为例，保时捷、奥迪、宾利、VW等很多车型的配件都是互相用，零件共享的好处就是降低成本，宾利和奥迪都是大众的，算一家人，用一样的配件当然可以了。很多人难以理解，为什么兰博基尼鬼怪用日产的车灯呢？兰博基尼和日产有什么关系吗？鬼怪用日产的车灯要从改款说起。</p>\r\n\r\n<p>&nbsp;</p>\r\n\r\n<div class=\"img_wrapper\"><img alt=\"兰博基尼鬼怪为什么用日产的大灯，知道真相，车主难以接受\" src=\"http://n.sinaimg.cn/sinacn10120/278/w652h426/20181222/be17-hqqzpku3305308.gif\" /></div>\r\n\r\n<p>&nbsp;</p>\r\n\r\n<p>跳灯，也有人叫翻转式车灯，也叫翻眼灯，弹射灯，不管怎么叫反正就是这种车灯。八九十年代跳灯非常流行，丰田、本田、法拉利、兰博基尼、日产、宝马等都生产过跳灯车型，后来跳灯就好像恐龙一样，一下子就灭绝了，时至今日都没有恢复生产。当年的跳灯个性、美观、拉风、与众不同，为什么要停产呢？</p>\r\n\r\n<p>&nbsp;</p>\r\n\r\n<div class=\"img_wrapper\"><img alt=\"兰博基尼鬼怪为什么用日产的大灯，知道真相，车主难以接受\" src=\"http://n.sinaimg.cn/sinacn10120/600/w800h600/20181222/ab8b-hqqzpku3305572.jpg\" /></div>\r\n\r\n<p>&nbsp;</p>\r\n\r\n<p>喜欢跳灯的人不止一人，众观全球，到目前为止依旧有很多人怀念这种跳灯，喜欢的程度难以言表，早期鬼怪的车灯是跳灯，之前的康塔什也是跳灯，跳灯有个致命的缺点，如果汽车和行人发生碰撞，会对行人造成二次伤害，跳灯车型撞一下行人可能无大碍，如果行人倒在了跳灯上有可能会被割伤，后来因为这个原因，跳灯就此消失。</p>\r\n\r\n<p>&nbsp;</p>\r\n\r\n<div class=\"img_wrapper\"><img alt=\"兰博基尼鬼怪为什么用日产的大灯，知道真相，车主难以接受\" src=\"http://n.sinaimg.cn/sinacn10120/601/w800h601/20181222/702d-hqqzpku3305844.jpg\" /></div>\r\n\r\n<p>&nbsp;</p>\r\n\r\n<p>鬼怪（1990-2001），跳灯鬼怪是99年以前的款式，99后改款了，事实上1998年兰博基尼就开始准备了，必须要把隐藏式跳灯变成外露式大灯，当时面临两种选择，1：自己设计，2：拿来主义，自己设计费时费力，而且时间也不允许，何不拿来主义？反正产量也不大，当时的兰博基尼就在市面上找合适的大灯，找来找去都不合适，功夫不负有心人，最后看中了日产300ZX大灯，对比一下是不是很像？事实上一模一样，大灯的问题解决了？</p>\r\n\r\n<p>&nbsp;</p>\r\n\r\n<div class=\"img_wrapper\"><img alt=\"兰博基尼鬼怪为什么用日产的大灯，知道真相，车主难以接受\" src=\"http://n.sinaimg.cn/sinacn10120/601/w800h601/20181222/3098-hqqzpku3306069.jpg\" /></div>\r\n\r\n<p>&nbsp;</p>\r\n\r\n<p>用日产300ZX的大灯有一个地方让兰博基尼不爽，大灯上面有日产的商标，NISSAN商标裸露在外面，太醒目了，如果安装在鬼怪上很容易被发现，这样会导致客户的不满，我买的是兰博基尼，价值20多万美元，你给我安装了一对廉价的日产车灯，什么意思啊？为了避免不必要的麻烦，有人提议，要不就把车NISSAN的商标抹掉，怎么抹掉？难道说用打磨机马赛克？后来又有人提议，贴碳纤维贴条，碳纤维是硬度高的轻型材料，价格贵档次高，还能凸显个性，兰博基尼鬼怪价值20多万美元，属于高级车型，碳纤维是高级材料，这叫门当户对，最后被采纳了。</p>\r\n\r\n<p>&nbsp;</p>\r\n\r\n<div class=\"img_wrapper\"><img alt=\"兰博基尼鬼怪为什么用日产的大灯，知道真相，车主难以接受\" src=\"http://n.sinaimg.cn/sinacn10120/540/w800h540/20181222/27ac-hqqzpku3306364.jpg\" /></div>\r\n</div>\r\n', '8', '2018-12-23 19:13:49', '6', '1', null, null);
INSERT INTO `article` VALUES ('27', '习近平同阿总统就中阿建交60周年互致贺电', '<p>改革开放是我们党的一次伟大觉醒，正是这个伟大觉醒孕育了我们党从理论到实践的伟大创造。&rdquo;在庆祝改革开放40周年大会所作的重要讲话中，习近平以极其凝炼的语言，高度评价改革开放40年取得的伟大成就。源自&ldquo;伟大觉醒&rdquo;的&ldquo;伟大创造&rdquo;，极大改变了中国的面貌、中华民族的面貌、中国人民的面貌、中国共产党的面貌。</p>\r\n', '9', '2018-12-23 19:15:29', '6', '1', null, null);
INSERT INTO `article` VALUES ('28', '2019“我向总理说句话”网民建言征集活动启动', '<p>　新华社北京12月20日电&nbsp; 12月20日，中国政府网联合人民网、新华网等20家网络媒体和平台，共同发起2019&ldquo;我向总理说句话&rdquo;网民建言征集活动，听取网民对政府工作的意见建议。活动将持续到2019年全国两会结束。</p>\r\n\r\n<p>　　本次征集活动设有&ldquo;办事服务&rdquo;&ldquo;营商环境&rdquo;&ldquo;教育&rdquo;&ldquo;医疗&rdquo;&ldquo;就业创业&rdquo;等20类话题。网民可登录中国政府网、国务院客户端，以及各相关网站和平台留言，部分有较高参考价值的建言将转送《政府工作报告》起草组。</p>\r\n\r\n<p>　　这是中国政府网连续第五年开展网民建言征集活动。在2018年《政府工作报告》中，有50余个方面的表述充分吸收了网民的建议。参与留言的山西&ldquo;快递小哥&rdquo;李朋璇作为网民代表走进中南海，参加了李克强总理主持召开的座谈会。</p>\r\n', '9', '2018-12-23 19:16:00', '6', '1', null, null);
INSERT INTO `article` VALUES ('29', '食神尝了都想恋爱的平民美食 到底有多好吃？', '<div class=\"article\" id=\"artibody\">\r\n<p><span style=\"font-family:KaiTi_GB2312,KaiTi\">导语：杜拉斯笔下的《情人》里喧闹的街头城景，会安的彩色灯笼，曼妙的越南少女，还是芽庄深蓝的海滩魅影？而对吃货而言，从食物开始了解一个国家，比去任何景点都要来得通透。（来源：时尚旅游）</span></p>\r\n\r\n<div class=\"img_wrapper\"><img alt=\"\" src=\"http://n.sinaimg.cn/fashion/transform/127/w550h377/20181219/4-Og-hqnkypr1304049.gif\" /></div>\r\n\r\n<div class=\"img_wrapper\"><img alt=\"\" src=\"http://n.sinaimg.cn/fashion/crawl/116/w550h366/20181219/RvFy-hqnkypr1296290.jpg\" /></div>\r\n\r\n<div class=\"img_wrapper\"><img alt=\"\" src=\"http://n.sinaimg.cn/fashion/crawl/116/w550h366/20181219/vdNo-hqnkypr1296416.jpg\" /></div>\r\n\r\n<p>　　天下美食，少不了一碗越南人做的牛肉河粉，当地人称为Phở。好吃的牛肉河，用汤匙舀一口汤，喝进口，从此上瘾，一生一世，都想追求此种味道。</p>\r\n\r\n<div class=\"img_wrapper\"><img alt=\"\" src=\"http://n.sinaimg.cn/fashion/gif_image/600/w384h216/20181219/x3eT-hqnkypr1296562.gif\" /></div>\r\n\r\n<p>　　<strong>一碗难忘的越南粉</strong></p>\r\n\r\n<p>　　越南粉可算是越南美食中最具代表性的美食重器，曾经入选&ldquo;世界必尝50种美食&rdquo;之中，是街头巷尾随处可见的平民料理。</p>\r\n\r\n<div class=\"img_wrapper\"><img alt=\"\" src=\"http://n.sinaimg.cn/fashion/crawl/432/w550h682/20181219/Aw7J-hqnkypr1296624.jpg\" /></div>\r\n\r\n<p>　　清甜浓郁的汤底浸泡着Q弹爽口的河粉和鲜嫩肉片，在丰富多样的配菜加持下充分调动五感，一碗兼具酸、甜、辣、咸的越南粉，每一口都是色香味俱全的味蕾享受。</p>\r\n\r\n<div class=\"img_wrapper\"><img alt=\"\" src=\"http://n.sinaimg.cn/fashion/gif_image/267/w640h427/20181219/4f9P-hqnkypr1296727.gif\" style=\"height:373px; width:559px\" /></div>\r\n\r\n<p>　　&ldquo;灼得刚刚够熟的生牛肉，色泽有如少女唇部之粉红。河粉纯白米制造，像少女身上的旗袍，如丝似雪。再将这一口汤喝进口，像一场美妙的爱情。&rdquo;</p>\r\n\r\n<p>　　遍尝珍馐美味的美食家蔡澜一直是Phở的&ldquo;脑残粉&rdquo;，曾撰文《只为一碗牛肉河》将其对越南粉的喜爱表露无遗。</p>\r\n\r\n<div class=\"img_wrapper\"><img alt=\"\" src=\"http://n.sinaimg.cn/fashion/crawl/33/w500h333/20181219/KgBW-hqnkypr1296809.jpg\" /></div>\r\n\r\n<p>　　<strong>一碗粉的前世今生</strong></p>\r\n\r\n<p>　　越南河粉（Phở，读作&ldquo;佛&rdquo;），关于它的起源一直众说纷纭，据记载，河粉于20世纪初首次在河内出现，1950年代传入西贡（今胡志明市）。</p>\r\n\r\n<div class=\"img_wrapper\"><img alt=\"\" src=\"http://n.sinaimg.cn/fashion/crawl/135/w550h385/20181219/ucLE-hqnkypr1296887.jpg\" /></div>\r\n\r\n<div class=\"img_wrapper\"><img alt=\"\" src=\"http://n.sinaimg.cn/fashion/crawl/117/w550h367/20181219/lvMH-hqnkypr1296959.jpg\" /></div>\r\n\r\n<p>　　有说法认为Phở近似粤语&ldquo;河粉&rdquo;（H&oacute;-phấn）的发音，是广东移民将传统主食沙河粉带入越北地区，逐渐成了当地人生活中不可或缺的美食。</p>\r\n\r\n<div class=\"img_wrapper\"><img alt=\"\" src=\"http://n.sinaimg.cn/fashion/crawl/115/w550h365/20181219/yNQP-hqnkypr1297047.jpg\" /></div>\r\n\r\n<p>　　另一类说法则认为越南粉是在法国殖民时期发明的，法国人嗜食红肉、喝牛肉汤。越南粉不仅拥有东方美食文化的精髓，也融合了法式烹饪技巧。</p>\r\n\r\n<p>　　经典的法式菜肴蔬菜炖牛肉汤（POT-AU-FEU），便和越南粉所用食材有异曲同工之妙。</p>\r\n\r\n<div class=\"img_wrapper\"><img alt=\"\" src=\"http://n.sinaimg.cn/fashion/crawl/116/w550h366/20181219/KkZX-hqnkypr1297135.jpg\" /></div>\r\n\r\n<p>　　越战结束后，许多越南人如同蒲公英种子般流落他乡，巴黎的老字号粉店Phở 14，到蔡澜远在墨尔本的&ldquo;勇记&rdquo;找到的人生中最难忘的一碗越南粉。</p>\r\n\r\n<p>　　这种平民小吃在异国逐渐发扬光大，成为了风靡全球的亚洲美食。</p>\r\n\r\n<div class=\"img_wrapper\"><img alt=\"\" src=\"http://n.sinaimg.cn/fashion/gif_image/54/w431h423/20181219/JtpW-hqnkypr1297234.gif\" /></div>\r\n\r\n<p>　　<strong>越南粉，种类知多少？</strong></p>\r\n\r\n<p>　　根据地域不同，越南粉可分为南、北、中三大派系。从北方到南方，气温逐渐升高，汤底的清澈度则层层递减。</p>\r\n\r\n<div class=\"img_wrapper\"><img alt=\"\" src=\"http://n.sinaimg.cn/fashion/gif_image/653/w400h253/20181219/y9cv-hqnkypr1297529.gif\" /></div>\r\n\r\n<p>　　以河内为首的北方派系崇尚自然，一日三餐都喜食河粉。北方人认为清澈无油脂的汤底和鲜肉才能突出Phở的本味，除青葱外，很少加入其他配菜。</p>\r\n\r\n<div class=\"img_wrapper\"><img alt=\"\" src=\"http://n.sinaimg.cn/fashion/crawl/116/w550h366/20181219/BPwE-hqnkypr1297613.jpg\" /></div>\r\n\r\n<p>　　中南部地区以西贡为代表，更偏爱早餐吃Pho，丰富配菜如罗勒、豆芽、青柠等都是必加的，食材有牛肉、鸡肉、猪肉、海鲜等，汤底更醇厚，有时还加入辣椒酱、番茄、糖等作调味。</p>\r\n\r\n<div class=\"img_wrapper\"><img alt=\"\" src=\"http://n.sinaimg.cn/fashion/crawl/366/w524h642/20181219/wTGT-hqnkypr1297773.jpg\" /></div>\r\n\r\n<p>　　<strong>鉴别越南粉的美味秘诀？</strong></p>\r\n\r\n<p>　　想要分辨一碗滋味纯正的越南粉，是每个Phở迷都在追寻的答案。实际上，汤底、河粉、肉与配菜都缺一不可。</p>\r\n\r\n<div class=\"img_wrapper\"><img alt=\"\" src=\"http://n.sinaimg.cn/fashion/gif_image/640/w640h800/20181219/PcNN-hqnkypr1297902.gif\" style=\"height:696px; width:557px\" /></div>\r\n\r\n<p>　　汤头是越南河粉的灵魂。牛胫、牛尾含有丰富骨胶原和脂肪。是熬制高汤的绝佳食材，辅以鸡骨、新鲜的肉桂、八角等香辛料和炙烤过的洋葱与生姜，慢火熬制7、8小时，避去残渣，才造就了一锅清澈鲜甜、口感浓郁的肉汤。&nbsp;</p>\r\n\r\n<div class=\"img_wrapper\"><img alt=\"香料：越南粉汤底的美味诀窍\" src=\"http://n.sinaimg.cn/fashion/crawl/513/w550h763/20181219/Wky4-hqnkypr1298022.jpg\" />香料：越南粉汤底的美味诀窍</div>\r\n\r\n<p>　　薄如蝉翼、Q弹韧性的河粉用纯大米制成，将米洗净、碾磨成粉之后用水和成糊，上笼蒸熟后压成稍微有些厚度的片状并划成条，冷却后即可食用，烹煮河粉的火候与时间极其讲究。&nbsp;</p>\r\n\r\n<div class=\"img_wrapper\"><img alt=\"\" src=\"http://n.sinaimg.cn/fashion/crawl/117/w550h367/20181219/vFBo-hqnkypr1298133.jpg\" /></div>\r\n\r\n<p>　　牛肉/鸡肉通常切成片，直接码在河粉上，淋上滚烫的肉汤，烫至半熟的肉片，同时拥有了鲜香味道与鲜嫩的肉感。&nbsp;</p>\r\n\r\n<div class=\"img_wrapper\"><img alt=\"\" src=\"http://n.sinaimg.cn/fashion/gif_image/33/w500h333/20181219/vkax-hqnkypr1298252.gif\" /></div>\r\n\r\n<p>　　配菜如辣椒圈、豆芽，小青柠与九层塔交织在汤汁的香气又别有一番风味，蘸料如辣椒酱（最好选择是拉差牌）、海鲜酱则用于蘸取肉片食用。</p>\r\n\r\n<div class=\"img_wrapper\"><img alt=\"\" src=\"http://n.sinaimg.cn/fashion/crawl/93/w550h343/20181219/Ih8y-hqnkypr1298329.jpg\" /></div>\r\n\r\n<p>　　<strong>打开越南粉的正确吃法</strong></p>\r\n\r\n<p>　　<strong>How to eat Pho like a Pro？</strong></p>\r\n\r\n<div class=\"img_wrapper\"><img alt=\"\" src=\"http://n.sinaimg.cn/fashion/crawl/162/w550h412/20181219/Byps-hqnkypr1298444.jpg\" /></div>\r\n\r\n<p>　　越南粉虽是接地气的大众美食，但想品尝到最极致的滋味，不妨参考以下食用步骤。</p>\r\n\r\n<p>　　<strong>1、初尝鲜味：</strong></p>\r\n\r\n<p>　　一碗新鲜出炉的粉摆在面前时，先别急着吃，喝上一口汤、感受汤底最原始的鲜味；</p>\r\n\r\n<div class=\"img_wrapper\"><img alt=\"\" src=\"http://n.sinaimg.cn/fashion/crawl/249/w550h499/20181219/vKX2-hqnkypr1296262.jpg\" /></div>\r\n\r\n<p>　　<strong>2、加入配菜：</strong></p>\r\n\r\n<p>　　往汤内加入青柠汁、豆芽、九层塔、金不换（罗勒）、辣椒圈等配菜，菜叶可撕碎撒入汤内，此时的汤汁与配菜发生了奇异结合，味道也大不相同；</p>\r\n\r\n<div class=\"img_wrapper\"><img alt=\"\" src=\"http://n.sinaimg.cn/fashion/gif_image/450/w500h750/20181219/GUN3-hqnkypr1296351.gif\" /></div>\r\n\r\n<p>　　<strong>3、混合食材：</strong></p>\r\n\r\n<p>　　将粉与汤汁搅拌均匀，生豆芽与生牛肉可以推到碗底，让其在汤的预热下快速变熟，肉类用小碟蘸取甜辣酱食用；</p>\r\n\r\n<p>　　<strong>4、尽情享用：</strong></p>\r\n\r\n<p>　　吃完河粉后，不妨像越南人一样，捧起碗把汤底也一道喝完，如此才算是一套吃粉的完整步骤。</p>\r\n\r\n<div class=\"img_wrapper\"><img alt=\"\" src=\"http://n.sinaimg.cn/fashion/crawl/776/w550h226/20181219/PXQk-hqnkypr1297105.jpg\" /></div>\r\n\r\n<p>　　<strong>加料小Tips：</strong></p>\r\n\r\n<p>　　1、如果觉得汤底味道偏淡，可适当加入鱼露提鲜。</p>\r\n\r\n<p>　　2、切勿将辣椒酱放入汤粉内，以免影响整体口感。</p>\r\n\r\n<div class=\"img_wrapper\"><img alt=\"\" src=\"http://n.sinaimg.cn/fashion/crawl/111/w550h361/20181219/mDht-hqnkypr1297284.jpg\" /></div>\r\n\r\n<p>　　<strong>Get正确的点单技巧</strong></p>\r\n\r\n<p>　　在越南，想吃碗粉必须弄懂眼花缭乱的越南文字，以下总结了几种常见的越南粉，助你在粉店轻松点单。</p>\r\n\r\n<p>　　越南粉主要分为河粉（Phở&nbsp;）、米线（Bun）两种，河粉扁且宽、米线圆而细。</p>\r\n\r\n<div class=\"img_wrapper\"><img alt=\"牛肉米粉\" src=\"http://n.sinaimg.cn/fashion/crawl/300/w550h550/20181219/T2zT-hqnkypr1297403.jpg\" />牛肉米粉</div>\r\n\r\n<p>　　Phở Bo最经典的越南牛肉粉，又分熟牛粉（Chin）和半熟牛粉（Tai），半熟牛肉带血而不腥、肉片弹而不韧，但多数店家如今很少制作生牛肉粉，通常以熟牛肉粉居多。</p>\r\n\r\n<div class=\"img_wrapper\"><img alt=\"半熟牛肉河粉\" src=\"http://n.sinaimg.cn/fashion/crawl/259/w466h593/20181219/p9Y0-hqnkypr1297541.jpg\" />半熟牛肉河粉</div>\r\n\r\n<p>　　Phở Ga鸡肉粉：因为市场周一、五不供应牛肉，不可一日不嗦粉的越南人索性发明了鸡肉河粉，将汤底从牛骨换成整鸡，姜也不再放了（主要用于去除牛肉腥味）。</p>\r\n\r\n<div class=\"img_wrapper\"><img alt=\"\" src=\"http://n.sinaimg.cn/fashion/crawl/59/w550h309/20181219/hEty-hqnkypr1297655.jpg\" /></div>\r\n\r\n<p>　　Phở Combo又称火车头河粉，相传以前的越南火车站总有河粉售卖，火车头以丰富的食材著称，一碗粉里同时含有生牛肉、牛筋、牛百叶等，吃完绝对十分满足。</p>\r\n\r\n<div class=\"img_wrapper\"><img alt=\"配料丰富的火车头河粉深受欢迎\" src=\"http://n.sinaimg.cn/fashion/gif_image/365/w500h665/20181219/FQ8a-hqnkypr1297812.gif\" />配料丰富的火车头河粉深受欢迎</div>\r\n\r\n<p>　　Phở&nbsp;Xao这种不带汤的炒河粉，十分类似广东街头常见的干炒牛河，&ldquo;镬气&rdquo;十足，通常加入牛肉与各种蔬菜翻炒而成。</p>\r\n\r\n<div class=\"img_wrapper\"><img alt=\"\" src=\"http://n.sinaimg.cn/fashion/crawl/114/w550h364/20181219/E-lp-hqnkypr1297912.jpg\" /></div>\r\n\r\n<p>　　<strong>河粉以外，选择众多的越南美食</strong></p>\r\n\r\n<p>　　东南亚人民累积的智慧财富少不了美食这个加分项，大多数人熟知泰国、马来西亚花哨多样的美味，相比之下，越南街头那些质朴的小吃就略显暗淡了。</p>\r\n\r\n<div class=\"img_wrapper\"><img alt=\"\" src=\"http://n.sinaimg.cn/fashion/gif_image/266/w640h426/20181219/vs5A-hqnkypr1297995.gif\" style=\"height:367px; width:551px\" /></div>\r\n\r\n<p>　　然而尝过一次的食客一定心知肚明，这类毫无负担的美食不但养生，味道更是足以征服味蕾，越南绝对算得上被低估的舌尖上的国度之一。</p>\r\n\r\n<div class=\"img_wrapper\"><img alt=\"\" src=\"http://n.sinaimg.cn/fashion/crawl/499/w550h749/20181219/Uhrl-hqnkypr1298116.jpg\" /></div>\r\n\r\n<p>　　<strong>越南法棍（B&aacute;nh M&igrave; ）</strong></p>\r\n\r\n<p>　　法式长棍总给人以&ldquo;凶器&rdquo;的印象，经过改良的越式法棍三明治则温柔得多，包内夹入了腌黄瓜、萝卜丝、牛肉、煎蛋和各类酱汁等，用牛皮纸包裹起来，一口咬下去，外表酥脆、内馅柔软，搭配一杯饮品，便是打发肠胃最简单的办法。</p>\r\n\r\n<div class=\"img_wrapper\"><img alt=\"\" src=\"http://n.sinaimg.cn/fashion/crawl/59/w550h309/20181219/-0Ls-hqnkypr1298218.jpg\" /></div>\r\n\r\n<p>　　<strong>越南春卷（Gỏi cuốn）</strong></p>\r\n\r\n<p>　　糯米浆制成洁白剔透的春卷皮，中间包裹蔬菜、水果和肉类，蘸取鱼露、辣椒等调料特制而成的酱汁一同食用，味道清爽开胃，更兼具营养。还可做成炸春卷的式样，是两种截然不同的味觉体验。</p>\r\n\r\n<div class=\"img_wrapper\"><img alt=\"\" src=\"http://n.sinaimg.cn/fashion/crawl/186/w550h436/20181219/5TYq-hqnkypr1298301.jpg\" /></div>\r\n\r\n<p>　　<strong>烤肉汤粉（B&uacute;n chả）</strong></p>\r\n\r\n<p>　　越南北部（特别是河内）常见的街头小吃，将新鲜烤制的猪肉饼浸入泡过萝卜、辣椒的酸甜汤汁内，搭配细米粉食用，每一碗的分量都十分充足。通常是走在街边，被烤肉的香气诱惑得迈不开脚后，随即被这一碗粉彻底俘获。</p>\r\n\r\n<div class=\"img_wrapper\"><img alt=\"\" src=\"http://n.sinaimg.cn/fashion/gif_image/33/w500h333/20181219/0kJu-hqnkypr1298411.gif\" /></div>\r\n\r\n<p>　　<strong>甘蔗虾（Chạo T&ocirc;m）</strong></p>\r\n\r\n<p>　　这道赏心悦目的小菜是由鲜虾捣成虾蓉，用甘蔗枝串起油炸成金黄色后出锅。嫩滑的虾肉充分吸收了甘蔗的鲜甜味，搭配鱼露或酸甜的梅子酱，荤素搭配，口感极佳。</p>\r\n\r\n<div class=\"img_wrapper\"><img alt=\"\" src=\"http://n.sinaimg.cn/fashion/crawl/115/w550h365/20181219/DUtn-hqnkypr1298525.jpg\" /></div>\r\n\r\n<p>　　<strong>越南咖啡（C&agrave; Ph&ecirc;）</strong></p>\r\n\r\n<p>　　自从法国传教士在1860年将咖啡带入越南后，这种饮品就在越南的土地生根发芽，结出了多元化的果实。越南人在烘培咖啡豆时加入本土奶油、牛油及其他香草佐料，逐渐形成了特别的风味。</p>\r\n\r\n<div class=\"img_wrapper\"><img alt=\"\" src=\"http://n.sinaimg.cn/fashion/gif_image/148/w580h368/20181219/Bu_0-hqnkypr1299009.gif\" style=\"height:352px; width:555px\" /></div>\r\n\r\n<div class=\"otherContent_01\" id=\"ad_49434\" style=\"clear:both; display:block; float:left; height:250px; margin-bottom:10px; margin-left:0px; margin-right:20px; margin-top:10px; overflow:hidden; padding:4px; width:300px\">&nbsp;\r\n<div style=\"background:transparent url(&quot;//d2.sina.com.cn/litong/zhitou/sinaads/release/ad_logo_update_IAB.gif&quot;) no-repeat scroll 0% 0%; bottom:1px; height:13px; position:absolute; right:1px; width:26px; z-index:99\">&nbsp;</div>\r\n</div>\r\n\r\n<p>　　在越南，任何食物仿佛都能与咖啡擦出火花，鸡蛋、椰奶、酸奶、炼奶咖啡&hellip;当然，最经典的还是20世纪初盛行法国并传入越南的滴漏式咖啡。</p>\r\n\r\n<p>　　一杯滴漏咖啡是醇香与沧桑并存的产物，就像在诉说着越南迷人的历史。</p>\r\n\r\n<div style=\"clear:both; font-size:0px; height:0px\">&nbsp;</div>\r\n\r\n<div style=\"margin-top:30px; text-align:center\"><ins><ins><ins><iframe frameborder=\"0\" height=\"160\" id=\"aswift_0\" name=\"aswift_0\" scrolling=\"no\" style=\"left:0;position:absolute;top:0;border:0px;width:640px;height:160px;\" width=\"640\"></iframe></ins></ins></ins></div>\r\n</div>\r\n\r\n<div id=\"left_hzh_ad\">&nbsp;</div>\r\n\r\n<div class=\"article-bottom clearfix\" id=\"article-bottom\">\r\n<div class=\"keywords\" id=\"keywords\">关键词 : <a href=\"http://tags.fashion.sina.com.cn/%E8%B6%8A%E5%8D%97\" target=\"_blank\">越南</a><a href=\"http://tags.fashion.sina.com.cn/%E6%B2%B3%E7%B2%89\" target=\"_blank\">河粉</a><a href=\"http://tags.fashion.sina.com.cn/%E7%BE%8E%E9%A3%9F\" target=\"_blank\">美食</a><a href=\"http://tags.fashion.sina.com.cn/%E9%85%8D%E8%8F%9C\" target=\"_blank\">配菜</a></div>\r\n\r\n<div class=\"btns\"><a class=\"btn-icon btn-feedback\" href=\"http://news.sina.com.cn/feedback/post.html\" target=\"_blank\">我要反馈</a></div>\r\n</div>\r\n', '10', '2018-12-23 19:17:39', '6', '1', null, null);
INSERT INTO `article` VALUES ('30', '眼部常见6大问题，快看下你中招了吗？', '<div class=\"quotation\">\r\n<p>并不是所有人天生都拥有一双灵动的眼睛，很多人还存在着一些缺陷状况。常见的眼部六大问题，看看你中招了吗？</p>\r\n</div>\r\n\r\n<div class=\"img_wrapper\" style=\"padding-top:10px\"><a href=\"http://eladies.sina.com.cn/wzx/\" target=\"_blank\"><img alt=\"关注公众号“新浪医美”，查看更多精彩原创内容！\" src=\"http://n.sinaimg.cn/eladies/pic/180413article.gif\" /></a>关注公众号&ldquo;新浪医美&rdquo;，查看更多精彩原创内容！</div>\r\n\r\n<div class=\"article\" id=\"artibody\">\r\n<p>　　（文：整形医生王岩 <a href=\"https://weibo.com/ttarticle/p/show?id=2310474265723651347876&amp;mod=zwenzhang\" target=\"_blank\">微博</a>）</p>\r\n\r\n<p>　　眼睛是是心灵的窗户，一双美眼拯救一张脸。然而现实生活中，并不是所有人天生都拥有一双灵动的眼睛，很多人还存在着一些缺陷状况。常见的眼部六大问题，看看你中招了吗？</p>\r\n\r\n<div class=\"img_wrapper\"><img alt=\"眼睛是心灵的窗户\" src=\"http://n.sinaimg.cn/eladies/transform/113/w550h363/20181215/eDK5-hqhqcir4751759.jpg\" />眼睛是心灵的窗户</div>\r\n\r\n<p>　　1、内眦赘皮：</p>\r\n\r\n<p>　　是内眦部至鼻侧的弓形皱褶。它遮掩着内眦角，使内眦角角度较没有内眦赘皮的人为小，它还遮挡部分视野，使有双眼皮的人只能形成&ldquo;半双&rdquo;，而影响眼的美观，是眼部常见问题之一。</p>\r\n\r\n<p>　　形成内眦赘皮原因有上睑皮肤量过多，内眦部上睑提肌腱膜异常附着、眼轮匝肌异常附着、肌肉痉挛等原因，需要通过内眦开大术进行矫正，即通常说的&ldquo;开内眼角&rdquo;。</p>\r\n\r\n<p>　　（内眦赘皮矫正前后对比）</p>\r\n\r\n<p>　　通常情况下，内眦赘皮会造成内眦间距过宽，需要开内眼角去除眼部多余赘皮、缩小眼距。眼部整形遵循&ldquo;三停五眼&rdquo;的标准，&ldquo;三停&rdquo;是人脸的长度分三等分，双眼应位于中停上方。&ldquo;五眼&rdquo;是人脸的宽度在眼水平线上可等分五个眼裂宽度。即眼的睑裂宽度、内眦间距，外眦至耳距应大致相等。</p>\r\n\r\n<p>　　一般来说，眼睛的理想长度在30&mdash;34mm之间，内眦间距32-36mm，内眦间距＜1.3眼睛长度。</p>\r\n\r\n<p>　　2、上睑凹陷：</p>\r\n\r\n<p>　　眼睑凹陷分为先天性及后天性两种。</p>\r\n\r\n<p>　　先天性眼睑凹陷是由老化引起的皮下组织（胶原组织、弹性组织等）减少；以及上睑软组织萎缩，最主要是眶脂肪的萎缩；还有眼球下移或眶腔扩大等都会形成眼睑凹陷。若存在上睑下垂或单睑伴上睑提肌功能较弱时也可出现眼睑凹陷。</p>\r\n\r\n<p>　　（天生眼睑凹陷）</p>\r\n\r\n<p>　　（衰老引起的上睑下垂和凹陷）</p>\r\n\r\n<p>　　后天性眼睑凹陷是指眼睑整形术中，过度切除眶隔脂肪或眼轮匝肌导致的眼睑凹陷。</p>\r\n\r\n<p>　　（失败重睑手术，造成的眼睑凹陷）</p>\r\n\r\n<p>　　先天性眼睑凹陷需要手术矫正，后天性眼睑凹陷也需要通过手术再次修复。</p>\r\n\r\n<p>　　3、上睑下垂：</p>\r\n\r\n<p>　　上睑下垂，指正面、平视前方时，上睑睑缘高度低于正常位置的状态。上睑睑缘的正常位置是12点方向上睑睑缘遮盖角膜上缘1-1.5mm，低于此范围则称为上睑下垂。此外，单侧上睑下垂时，患侧上睑睑缘比健侧低于1mm，也称为上睑下垂。上睑下垂影响美观，需要通过手术进行矫正。</p>\r\n\r\n<p>　　先天性上睑下垂是由于提上睑肌发育薄弱、残缺或其支配神经及神经核先天发育不全导致上眼睑部分或完全性下垂遮挡瞳孔。</p>\r\n\r\n<p>　　双眼皮手术中损伤了上睑提肌及其腱膜，也会造成上睑睁眼无力，表现为上睑下垂。另外，埋线法位置过高，软组织与提肌腱膜发生粘连，影响睁眼，表现为上睑下垂。切开重睑，粘连过高，同样影响睁眼。</p>\r\n\r\n<p>　　如果是先天上睑下垂，需要通过手术矫正。如果是手术造成的医源性损伤，矫正不足或者复发，应采取上睑下垂矫正修复术，将损伤的上睑提肌及其腱膜修复。若是埋线或者全切手术时，建立的粘连过高，需要松解粘连，去除阻碍因素，重新设计双眼皮。</p>\r\n\r\n<p>　　4、肿泡眼：</p>\r\n\r\n<p>　　眶隔脂肪或泪腺下垂都会造成睑外侧松垂浮肿，形成肿泡眼。</p>\r\n\r\n<p>　　上睑的眶隔脂肪主要有内、中、外三团，眶隔脂肪过多，眼皮会显得浮肿没有精神，严重者外侧脂肪团脱出眶隔造成下垂，加重眼皮的松垂。</p>\r\n\r\n<p>　　泪腺脱垂的临床表现为泪腺脱垂于上睑外侧部，上睑外侧部可见明显隆起。</p>\r\n\r\n<p>　　矫正时，需要医生检查诊断出造成松垂的具体原因，是脂肪还是泪腺脱垂，然后有针对性的在手术过程中给予适当的去除或复位。</p>\r\n\r\n<p>　　5、眼袋：</p>\r\n\r\n<p>　　眼袋是由于下睑皮肤、眼轮匝肌变松弛，眶隔膜支持力下降使眶脂肪移位、脱垂，导致下睑组织不同程度臃肿、膨隆或下垂所致，形如袋状。</p>\r\n\r\n<div class=\"otherContent_01\" id=\"ad_44099\" style=\"clear:both; display:block; float:left; height:250px; margin-bottom:10px; margin-left:0px; margin-right:20px; margin-top:10px; overflow:hidden; padding:4px; width:300px\"><ins><ins><a href=\"http://saxn.sina.com.cn/dsp/click?t=MjAxOC0xMi0yMyAxOToxNzo1OC4xMTkJMjE4Ljk4LjUzLjcwCTE3Mi4xNi4xODEuOTVfMTU0NTU1NjM5NS45NjQ3NjAJMjM5NTZhZDEtMzU0Zi00YWJmLWJmYzktMmQxMjVhNzQ0MWEyCTM0MDgzMTEJNTg5NTU4NDk1NF9QSU5QQUktQ1BDCTMxODMyNzgJMTQxMjE1CTQuMTU4NTNFLTQJMQl0cnVlCVBEUFMwMDAwMDAwNDk0MzQJMzg2OTk1OQlQQwlpbWFnZQktCTB8MlV1VzBFZlRNRENlNU1pSHFOWnFhMHxudWxsfG51bGx8Ymp8MzQwODMxMXwxS1ZxY3pCN1lEWGtaY0dDV0ZGYjkwfDF8fHx8Qnx8MHx8fDB8LTF8MHwJCTEJLQktCS0JMAkxNzIuMTYuMTgxLjk1XzE1NDU1NTYzOTUuOTY0NzYwCVBDX0lNQUdFCS0Jbm9ybWFsfHV2Zm0tcnQJCXVzZXJfdGFnOjIxMDYwOjAuMHx1c2VyX2FnZTo2MDA6MC4wfHVzZXJfZ2VuZGVyOjUwMDowLjB8dl96b25lOjMxNjAwNjowLjB8Y3Jvd2RzOnxfY3Jvd2RzOgkwCTE1MDAwMAk1MDAwMAktCQkwCQk4Zjg2MjBkNi05OWMzLTM2OWItOTZmOC1hNjJiNDU5MTQyYjUJMA==&amp;userid=172.16.181.95_1545556395.964760&amp;auth=e12d778277e78884&amp;p=hTVFrVxwN0WCI7N3hzV8ANVHQBcIuIKA048Org%3D%3D&amp;url=http%3A%2F%2Fsaxn.sina.com.cn%2Fclick%3Fid%3D17%26t%3DODUzNTQ1YWQtNWM3MC0zNzQ1LTgyMjMtYjM3Nzg3MzU3YzAwCTE3CVBEUFMwMDAwMDAwNDk0MzQJMzg2OTk1OQkxCVJUQgktCVY1LjAuMF9fX0JYXzEwLjEzLjIyNC4xMzEJCQlpcDoyMTguOTguNTMuNzB8ZGV2aWNlaWQ6fGNvb2tpZToxNzIuMTYuMTgxLjk1XzE1NDU1NTYzOTUuOTY0NzYwfGRpZDp8cGxhdDpwY3x0czoxNTQ1NTYzODc4fHRmOjAJOGY4NjIwZDYtOTljMy0zNjliLTk2ZjgtYTYyYjQ1OTE0MmI1%26type%3D2%26url%3Dhttp%253A%252F%252Ftehui01.yg-mall.cn%252Fshou%252Fcsb2%252F%253Fgzid%253Dg300250%26sina_sign%3D2af218333390ea6f&amp;sign=aaa7ecb0846416ab\" style=\"display:block;line-height:0;\" target=\"_blank\"><img alt=\"//s3.pfp.sina.net/ea/ad/2/14/5fa7c17867d1e63ba9c4a64936094d7c.jpg\" src=\"http://s3.pfp.sina.net/ea/ad/2/14/5fa7c17867d1e63ba9c4a64936094d7c.jpg\" style=\"border:0; height:250px; width:300px\" /></a></ins></ins>\r\n\r\n<div style=\"background:transparent url(&quot;//d2.sina.com.cn/litong/zhitou/sinaads/release/ad_logo_update_IAB.gif&quot;) no-repeat scroll 0% 0%; bottom:1px; height:13px; position:absolute; right:1px; width:26px; z-index:99\">&nbsp;</div>\r\n</div>\r\n\r\n<p>　　常见于40岁以上的中老年人，不论男女均可发生，它是人体开始老化的早期表现之一。一般来讲，成年人，尤其是女性，在25~30岁之间就会生出眼袋。用眼过度、饮食睡眠不规律等都可加重眼袋。</p>\r\n\r\n<p>　　6、 泪沟：</p>\r\n\r\n<p>　　泪沟一般是先天性的，眼部皮肤较薄的人常常会比一般人更明显。是泪槽韧带牵拉固定形成的，位于眼轮匝肌睑部和眶部之间，老化过程中随着组织的萎缩，导致泪沟日益明显。</p>\r\n\r\n<p>　　又有眼袋又有泪沟怎么办？很多姑娘的眼睛都面临着这种状况，看起来特别显老态，想做去眼袋手术又担心有外切伤口。内切眶隔脂肪释放术，就很好的解决了这个问题，切口位于下眼睑结膜，因此外观无切口；而且创伤小恢复快，十分适合年轻姑娘们这种不伴有皮肤松弛的眼袋。眶隔脂肪释放，就是将眶隔内膨出形成眼袋的脂肪，转移到泪沟凹陷区域，既能抚平眼袋，又能填充泪沟，达到一举两得的效果。</p>\r\n</div>\r\n', '10', '2018-12-23 19:18:31', '6', '1', null, null);
INSERT INTO `article` VALUES ('31', '给div添加滚动条', '<p><strong><span style=\"color:#000000\">最简单的方法：</span></strong></p>\r\n\r\n<p><strong><span style=\"color:#000000\">　　</span></strong><strong>&lt;div style=&quot;height:300px;width:100px;overflow:auto&quot;&gt;&lt;div/&gt;（height和width根据需求设定）　　</strong></p>\r\n\r\n<p><strong>　　</strong><strong>注意:如果只写height就只有垂直滚动条，只写width就只有水平滚动条,都不写没有效果。还有这里overflow设置为auto,也就说是如果</strong><strong>你的页面高度大于300px就会出现滚动条，小于300px就没有滚动条。同理，如果宽度大于100px出现滚动条，小于就没有。</strong></p>\r\n\r\n<p>&nbsp;</p>\r\n\r\n<p><strong>　　你也可以将overflow设置为scroll，即:<strong>&lt;div style=&quot;height:300px;width:100px;overflow:scroll&quot;&gt;&lt;div/&gt;。这样设定的效果为</strong></strong></p>\r\n\r\n<p><strong><span style=\"color:#000000\"><strong>　　不管你的页面高度大于还是小于300px,都会出现滚动条，宽度同理。</strong></span></strong></p>\r\n\r\n<p>&nbsp;</p>\r\n\r\n<p><strong><span style=\"color:#000000\">也可以这样设置：</span></strong></p>\r\n\r\n<p><strong><span style=\"color:#000000\">　　水平滚动条：<strong><strong><strong>&lt;div style=&quot;width:100px;overflow-x:auto&quot;&gt;</strong><strong>&lt;/div&gt;</strong></strong></strong></span></strong></p>\r\n\r\n<p><strong><span style=\"color:#000000\">　　垂直滚动条：<strong><strong>&lt;div style=&quot;height:300px;overflow-y:auto&quot;&gt;</strong><strong>&lt;/div&gt;</strong></strong></span></strong></p>\r\n\r\n<p><strong><span style=\"color:#000000\">　　水平加垂直：<strong><strong><strong><strong>&lt;div style=&quot;width:100px;height:300px;overflow-x:auto;overflow-y:auto&quot;&gt;</strong><strong>&lt;/div&gt;</strong></strong></strong></strong></span></strong></p>\r\n', '9', '2018-12-23 19:29:32', '6', '1', null, null);
INSERT INTO `article` VALUES ('32', '体育', '<p>体育测试</p>\r\n', '9', '2018-12-23 19:33:21', '6', '1', null, null);
INSERT INTO `article` VALUES ('33', 'DIV滚动条设置添加 CSS滚动条显示与滚动条隐藏', '<p>DIV滚动条设置 <a href=\"http://www.divcss5.com/\">CSS</a>滚动条显示与滚动条隐藏</p>\r\n\r\n<p>对<a href=\"http://www.divcss5.com/\">div</a>设置滚动条，设置其横向滚动条和纵向滚动条样式。所需<a href=\"http://www.divcss5.com/rumen/r29.shtml\">CSS样式</a>为overflow-y和overflow-x来设置<a href=\"http://www.divcss5.com/rumen/r319.shtml\">div盒子</a>对象右侧和底部滚动条效果。同时也可以使用CSS样式设置<a href=\"http://www.divcss5.com/html/\">html</a>框架<a href=\"http://www.divcss5.com/html/h379.shtml\">iframe</a>的滚动条隐藏，接下来为大家介绍。</p>\r\n\r\n<h3>一、CSS基础认识 &nbsp; - &nbsp; <a href=\"http://www.divcss5.com/rumen/r624.shtml#top\" rel=\"nofollow\"><u>TOP</u></a></h3>\r\n\r\n<p>overflow-y:scroll; 总是显示纵向滚动条<br />\r\noverflow-y:visible : 不剪切内容也不添加纵向滚动条<br />\r\n了解：overflow-y手册http://www.divcss5.com/shouce/c_overflowy.shtml</p>\r\n\r\n<p>overflow-x:scroll; 总是显示横向滚动条<br />\r\noverflow-x:visible : 不剪切内容也不添加横向滚动条<br />\r\n了解：overflow-x手册http://www.divcss5.com/shouce/c_overflowx.shtml</p>\r\n\r\n<p>了解<a href=\"http://www.divcss5.com/rumen/r414.shtml\">css overflow</a></p>\r\n\r\n<h3>二、div设置滚动条实例 &nbsp; - &nbsp; <a href=\"http://www.divcss5.com/rumen/r624.shtml#top\" rel=\"nofollow\"><u>TOP</u></a></h3>\r\n\r\n<p>DIVCSS5通过对第一个DIV对象设置<a href=\"http://www.divcss5.com/wenji/w447.shtml\">div宽度</a>、<a href=\"http://www.divcss5.com/rumen/r550.shtml\">div高度</a>、<a href=\"http://www.divcss5.com/wenji/w518.shtml\">div边框</a>样式，并在DIV盒子里添加演示文字内容，第二个盒子设置相同的CSS样式，盒子文字内容相同，并设置横向和纵向滚动条，观察效果。</p>\r\n\r\n<p>第一个盒子<a href=\"http://www.divcss5.com/jiqiao/j4.shtml\">CSS命名</a>为&ldquo;divcs5-a&rdquo;,第二个DIV盒子样式选择器命名为&ldquo;divcss5-b&rdquo;。</p>\r\n\r\n<p>1、具体完整<a href=\"http://www.divcss5.com/html/h26.shtml\">html源代码</a>如下：</p>\r\n\r\n<pre>\r\n\r\n&nbsp;</pre>\r\n\r\n<ol>\r\n	<li>&lt;!DOCTYPE&nbsp;html&gt;&nbsp;</li>\r\n	<li>&lt;html&gt;&nbsp;</li>\r\n	<li>&lt;head&gt;&nbsp;</li>\r\n	<li>&lt;meta&nbsp;charset=&quot;gb2312&quot;&nbsp;/&gt;&nbsp;</li>\r\n	<li>&lt;title&gt;div滚动条&nbsp;在线演示&nbsp;www.divcss5.com&lt;/title&gt;&nbsp;</li>\r\n	<li>&lt;style&gt;&nbsp;</li>\r\n	<li>.divcss5-a,.divcss5-b{&nbsp;<a href=\"http://www.divcss5.com/rumen/r119.shtml\">width</a>:150px;&nbsp;<a href=\"http://www.divcss5.com/rumen/r123.shtml\">height</a>:100px;&nbsp;<a href=\"http://www.divcss5.com/rumen/r93.shtml\">float:left</a>;&nbsp;<a href=\"http://www.divcss5.com/rumen/r120.shtml\">border</a>:1px&nbsp;solid&nbsp;#F00}&nbsp;</li>\r\n	<li>.divcss5-b{&nbsp;<a href=\"http://www.divcss5.com/rumen/r617.shtml\">margin-left</a>:10px;overflow-y:scroll;&nbsp;overflow-x:scroll;}&nbsp;</li>\r\n	<li>/*&nbsp;<a href=\"http://www.divcss5.com/rumen/r32.shtml\">css注释</a>说明：设置第二个盒子与第一个盒子间距为10px，并设置了横纵滚动条样式&nbsp;*/&nbsp;</li>\r\n	<li>&lt;/style&gt;&nbsp;</li>\r\n	<li>&lt;/head&gt;&nbsp;</li>\r\n	<li>&lt;body&gt;&nbsp;</li>\r\n	<li>&lt;div&nbsp;class=&quot;divcss5-a&quot;&gt;DIVCSS5测试内容，欢迎来到DIVCSS5学习DIV+CSS技术。大家可以通<br />\r\n	过DIVCSS5主站上的所有免费CSS教程足可学会DIV&nbsp;CSS技术&nbsp;-&nbsp;如果需要深入系统学习、较短时间达到<br />\r\n	理想学习效果可参加DIV+CSS培训班学习。&lt;/div&gt;&nbsp;</li>\r\n	<li>&nbsp;</li>\r\n	<li>&lt;div&nbsp;class=&quot;divcss5-b&quot;&gt;DIVCSS5测试内容，欢迎来到DIVCSS5学习DIV+CSS技术。大家可以通<br />\r\n	过DIVCSS5主站上的所有免费CSS教程足可学会DIV&nbsp;CSS技术&nbsp;-&nbsp;如果需要深入系统学习、较短时间达到<br />\r\n	理想学习效果可参加<a href=\"http://www.divcss5.com/\">DIV+CSS</a>培训班学习。&lt;/div&gt;&nbsp;</li>\r\n	<li>&lt;/body&gt;&nbsp;</li>\r\n	<li>&lt;/html&gt;&nbsp;</li>\r\n</ol>\r\n\r\n<p>为了观察效果我们对两个DIV盒子都设置基础相同的CSS样式和相同的文字内容。对&ldquo;.divcss5-b&rdquo;设置了X和y（横向和纵向的滚动条样式。）</p>\r\n\r\n<p>2、观察DIV+CSS滚动条实例效果截图</p>\r\n\r\n<p style=\"text-align:center\"><img alt=\"DIV滚动条样式实例效果截图\" src=\"http://www.divcss5.com/uploads/allimg/1309/1_130929144936_1.png\" style=\"cursor:pointer; height:276px; width:472px\" /><br />\r\nCSS DIV滚动条样式实例效果截图</p>\r\n\r\n<p>说明：第一个盒子&ldquo;.divcss5-a&rdquo;内容过多而溢出了DIV盒子，第二个盒子设置了滚动条样式，所以没有溢出，纵向右侧（Y）出现了可下拉上拉滚动条样式，横向底部（X）出现滚动条效果但不可左右拉动，这是因为文字内容不能撑开DIV宽度，如果是大于DIV设置宽度的图片这样横向底部（X）就会出现滚动条效果。</p>\r\n', '2', '2018-12-23 19:36:53', '6', '1', null, null);
INSERT INTO `article` VALUES ('34', '这是一个测试的新闻录入', '<p>这是一个测试的新闻录入</p>\r\n\r\n<p>&nbsp;</p>\r\n\r\n<p>2017/12/25 17:46</p>\r\n', '2', '2018-12-25 17:46:51', '6', '1', '7', null);
INSERT INTO `article` VALUES ('35', '新闻录入测试', '<p>这是财经新闻录入测试</p>\r\n', '3', '2018-12-25 17:53:30', '6', '1', '7', null);
INSERT INTO `article` VALUES ('36', 'sdfsdfssd', '<p>asdasdasdas</p>\r\n', '2', '2018-12-27 14:27:58', '6', '1', '7', null);
INSERT INTO `article` VALUES ('37', '菲防长称或废除美菲共同防御条约 美方赶紧表态', '<p>原标题：菲防长突然称可能会废除美菲共同防御条约，美方赶紧表态</p>\r\n\r\n<div class=\"img_wrapper\"><img alt=\"\" src=\"https://n.sinaimg.cn/translate/141/w612h329/20181229/yzfs-hqwsysz2053996.jpg\" /></div>\r\n\r\n<p>　　[环球网报道 记者 赵衍龙]12月28日，菲律宾国防部长洛伦扎纳（DelfinLorenzana）表示，已经指示国防部律师审查菲律宾与美国的共同防御条约（MDT），旨在决定&ldquo;是否该维护、加强或废除该条约&rdquo;，菲律宾《每日问询者报》当日披露了这一消息。</p>\r\n\r\n<p>　　报道称，洛伦扎纳表示，如果对1951年菲律宾和美国之间的《共同防御条约》（MDT）的审查结果显示&ldquo;该条约与菲律宾的国家利益不再相关&rdquo;，就有可能废除该条约。</p>\r\n\r\n<p>　　洛伦扎纳当天在新闻发布会上说到，该条约签订于1951年，当时有一场激烈的冷战，&ldquo;我们今天还有冷战吗？这和我们的安全还有关系吗？&rdquo;</p>\r\n\r\n<p>　　洛伦扎纳强调，审查的最终目标是&ldquo;维持、加强或废除它&rdquo;。不过，洛伦扎纳也表示这不是菲律宾政府的正式行动，只是指示国防部这样去审查。</p>\r\n\r\n<div class=\"otherContent_01\" id=\"ad_44086\" style=\"clear:both; display:block; float:left; height:250px; margin-bottom:10px; margin-left:0px; margin-right:20px; margin-top:10px; overflow:hidden; padding:4px; width:300px\"><ins><ins><a href=\"http://saxn.sina.com.cn/dsp/click?t=MjAxOC0xMi0yOSAyMDoyOToxMy4zNTMJMTE1LjYwLjExLjYxCTEwLjEzLjI0MC45Nl8xNTQ2MDg2NTMwLjYyNjQ4NAliZDhjN2Q1MC1kYzQ3LTQ4MWEtOWRhZC02ZTA4ZDk4NjQxNjMJMzQzODAxMwk2Nzc1NzA2ODQ0X1BJTlBBSS1DUEMJMzE5NDQ0MwkyMDI5MTcJNC40MTU3ODZFLTQJMQl0cnVlCVBEUFMwMDAwMDAwNDQwODkJMzkzODIzNwlQQwlpbWFnZQktCTB8N0pWOXlEZUFzcG5OZjN5Nml2MkMyenxudWxsfG51bGx8Ymp8MzQzODAxM3xPS3RERDNLZVhSN3VSRmR1bktPZnwwfHx8fEJ8fDB8fHwwfC0xfDB8CQkxCS0JLQktCTAJMTAuMTMuMjQwLjk2XzE1NDYwODY1MzAuNjI2NDg0CVBDX0lNQUdFCS0Jbm9ybWFsfHV2Zm0tcnQJCXVzZXJfdGFnOjIwMzIxOjAuMHx1c2VyX2FnZTo2MDA6MC4wfHVzZXJfZ2VuZGVyOjUwMTowLjB8dl96b25lOjMxMjAwMTowLjB8Y3Jvd2RzOnxfY3Jvd2RzOgkwCTIyMDAwMAk1MDAwMAktCQkwCQlmNmMzNzY1YS1hYmQzLTM5YmItODEyZS1kZGVmNzQzMTZlNWQJMA==&amp;userid=10.13.240.96_1546086530.626484&amp;auth=2de613908d3813c8&amp;p=6DU4DNAGN%2Fezrr8V%2BVFnzSEUeZ%2BGP5UwYdJ23A%3D%3D&amp;url=http%3A%2F%2Fsaxn.sina.com.cn%2Fclick%3Fid%3D17%26t%3DZTgzNTM4MGMtZDAwNi0zN2Y3LWIzYWUtYmYxNWY5NTE2N2NkCTE3CVBEUFMwMDAwMDAwNDQwODkJMzkzODIzNwkxCVJUQgktCVY1LjAuMF9fX0JYXzEwLjEzLjIyNC4xMzMJCQlpcDoxMTUuNjAuMTEuNjF8ZGV2aWNlaWQ6fGNvb2tpZToxMC4xMy4yNDAuOTZfMTU0NjA4NjUzMC42MjY0ODR8ZGlkOnxwbGF0OnBjfHRzOjE1NDYwODY1NTN8dGY6MAlmNmMzNzY1YS1hYmQzLTM5YmItODEyZS1kZGVmNzQzMTZlNWQ%253D%26type%3D2%26url%3Dhttp%253A%252F%252Fhu.shqswz.com%252F%253Fgzid%253DYB32%26sina_sign%3D8b390855ad607260&amp;sign=8bbfad4d3b7b7fe6\" style=\"display:block;line-height:0;\" target=\"_blank\"><img alt=\"//s3.pfp.sina.net/ea/ad/7/9/fe55908770dfe0418e25ee1879bfe257.jpg\" src=\"https://s3.pfp.sina.net/ea/ad/7/9/fe55908770dfe0418e25ee1879bfe257.jpg\" style=\"border:0; height:250px; width:300px\" /></a></ins></ins>\r\n\r\n<div style=\"background:transparent url(&quot;//d2.sina.com.cn/litong/zhitou/sinaads/release/ad_logo_update_IAB.gif&quot;) no-repeat scroll 0% 0%; bottom:1px; height:13px; position:absolute; right:1px; width:26px; z-index:99\">&nbsp;</div>\r\n</div>\r\n\r\n<p>　　《马尼拉公报》29日报道，菲律宾一名反对派议员星期六表示支持对菲律宾和美国之间的《共同防御条约》（MDT）进行审议的提议。</p>\r\n\r\n<p>　　马格达洛党籍众议员加里&middot;亚历哈诺（Gary Alejano）表示，有必要重新审视1951年的《共同防御条约》，以澄清其&ldquo;含糊&rdquo;的规定。</p>\r\n\r\n<p>　　美方反应：坚信同盟关系牢不可破</p>\r\n', '9', '2018-12-29 20:30:00', '6', '1', '7', null);
INSERT INTO `article` VALUES ('42', '再到内蒙古团 习近平把这件事讲得很重', '<div class=\"article-18 article-content clearfix\" id=\"article_content\">\r\n<div class=\"article-content-left\">\r\n<div class=\"article\" id=\"article\">\r\n<p><span style=\"color:#2ecc71\"><span style=\"background-color:#1abc9c\">原标题：再到内蒙古团，习近平把这件事讲得很重</span></span></p>\r\n\r\n<p><span style=\"color:#2ecc71\"><span style=\"background-color:#1abc9c\">　　</span><strong><span style=\"background-color:#1abc9c\">[习近平2019&ldquo;两会新语&rdquo;系列之二]</span></strong></span></p>\r\n\r\n<p><span style=\"color:#2ecc71\"><span style=\"background-color:#1abc9c\">　　新华网记者 王子晖</span></span></p>\r\n\r\n<p><span style=\"color:#2ecc71\"><span style=\"background-color:#1abc9c\">　　[学习进行时]3月5日，习近平总书记参加他所在的十三届全国人大二次会议内蒙古代表团审议。这是他在内蒙古当选第十三届全国人大代表后，第二次来到内蒙古代表团参加审议。习近平在这次审议上的发言，有一项内容非常突出，那就是生态环境保护。新华社《学习进行时》原创品牌栏目&ldquo;讲习所&rdquo;今天推出文章，为您解读。</span></span></p>\r\n\r\n<p><span style=\"color:#2ecc71\"><span style=\"background-color:#1abc9c\">　　3月5日，习近平总书记参加他所在的十三届全国人大二次会议内蒙古代表团审议。</span></span></p>\r\n\r\n<p><span style=\"color:#2ecc71\"><span style=\"background-color:#1abc9c\">　　在讲话中，习近平就内蒙古建设发展各方面的工作提出具体要求，其中一项内容非常突出，那就是生态环境保护。</span></span></p>\r\n\r\n<p><span style=\"color:#2ecc71\"><span style=\"background-color:#1abc9c\">　　</span><strong><span style=\"background-color:#1abc9c\">&ldquo;四个一&rdquo;&mdash;&mdash;丰富和完善生态文明建设思想</span></strong></span></p>\r\n\r\n<p><span style=\"color:#2ecc71\"><span style=\"background-color:#1abc9c\">　　习近平指出，党的十八大以来，我们党关于生态文明建设的思想不断丰富和完善。他强调了&ldquo;四个一&rdquo;：</span></span></p>\r\n\r\n<p><span style=\"color:#2ecc71\"><span style=\"background-color:#1abc9c\">　　&mdash;&mdash;在&ldquo;五位一体&rdquo;总体布局中生态文明建设是其中一位；</span></span></p>\r\n\r\n<p><span style=\"color:#2ecc71\"><span style=\"background-color:#1abc9c\">　　&mdash;&mdash;在新时代坚持和发展中国特色社会主义基本方略中坚持人与自然和谐共生是其中一条基本方略；</span></span></p>\r\n\r\n<p><span style=\"color:#2ecc71\"><span style=\"background-color:#1abc9c\">　　&mdash;&mdash;在新发展理念中绿色是其中一大理念；</span></span></p>\r\n\r\n<p><span style=\"color:#2ecc71\"><span style=\"background-color:#1abc9c\">　　&mdash;&mdash;在三大攻坚战中污染防治是其中一大攻坚战。</span></span></p>\r\n\r\n<p><span style=\"color:#2ecc71\"><span style=\"background-color:#1abc9c\">　　&ldquo;五位一体&rdquo;是中国特色社会主义事业总体布局，新时代坚持和发展中国特色社会主义的基本方略是引领党和国家事业发展必须全面贯彻的基本方略，新发展理念是发展思路、发展方向、发展着力点的集中体现；三大攻坚战是决胜全面建成小康社会的关键战役。</span></span></p>\r\n\r\n<p><span style=\"color:#2ecc71\"><span style=\"background-color:#1abc9c\">　　在每一方面，生态文明建设都是一项重要内容。由此可见生态文明建设在党和国家事业发展中的重要地位。</span></span></p>\r\n\r\n<p><span style=\"color:#2ecc71\"><span style=\"background-color:#1abc9c\">　　这&ldquo;四个一&rdquo;是全局性的要求，各地区各部门都要认真贯彻落实，努力推动我国生态文明建设迈上新台阶。</span></span></p>\r\n\r\n<p><span style=\"color:#2ecc71\"><span style=\"background-color:#1abc9c\">　　</span><strong><span style=\"background-color:#1abc9c\">&ldquo;战略定位&rdquo;&mdash;&mdash;内蒙古生态状况关乎全国</span></strong></span></p>\r\n\r\n<p><span style=\"color:#2ecc71\"><span style=\"background-color:#1abc9c\">　　内蒙古的生态地位重要而特殊。习近平指出，内蒙古生态状况如何，不仅关系全区各族群众生存和发展，而且关系华北、东北、西北乃至全国生态安全。</span></span></p>\r\n\r\n<p><span style=\"color:#2ecc71\"><span style=\"background-color:#1abc9c\">　　生态保护是全国一盘棋。&ldquo;把内蒙古建成我国北方重要生态安全屏障，是立足全国发展大局确立的战略定位&rdquo;。这便是算大账、算长远账、算整体账、算综合账。</span></span></p>\r\n\r\n<p><span style=\"color:#2ecc71\"><span style=\"background-color:#1abc9c\">　　去年第一次参加内蒙古团审议，习近平提出&ldquo;在祖国北疆构筑起万里绿色长城&rdquo;，这次他又提出&ldquo;构筑我国北方重要生态安全屏障&rdquo;，对保护生态环境的要求一脉相承。</span></span></p>\r\n\r\n<p><span style=\"color:#2ecc71\"><span style=\"background-color:#1abc9c\">　　内蒙古必须自觉担负起这个重大责任，习近平要求，必须以更大的决心、付出更为艰巨的努力。</span></span></p>\r\n\r\n<p><span style=\"color:#2ecc71\"><span style=\"background-color:#1abc9c\">　　</span><strong><span style=\"background-color:#1abc9c\">&ldquo;底线思维&rdquo;&mdash;&mdash;红线不可逾越</span></strong></span></p>\r\n\r\n<p><span style=\"color:#2ecc71\"><span style=\"background-color:#1abc9c\">　　习近平说，不能因为经济发展遇到一点困难，就开始动铺摊子上项目、以牺牲环境换取经济增长的念头，甚至想方设法突破生态保护红线。</span></span></p>\r\n\r\n<p><span style=\"color:#2ecc71\"><span style=\"background-color:#1abc9c\">　　绿水青山就是金山银山，生态优势也是经济发展优势。保护生态环境和发展经济从根本上讲是有机统一、相辅相成的，污染防治和环境治理也正是培育新结构、形成新格局的重要契机和必经过程。</span></span></p>\r\n\r\n<p><span style=\"color:#2ecc71\"><span style=\"background-color:#1abc9c\">　　习近平强调，我们必须咬紧牙关，爬过这个坡，迈过这道坎。要保持加强生态环境保护建设的定力，不动摇、不松劲、不开口子。</span></span></p>\r\n\r\n<p><span style=\"color:#2ecc71\"><span style=\"background-color:#1abc9c\">　　他要求内蒙古努力探索出一条符合战略定位、体现内蒙古特色，以生态优先、绿色发展为导向的高质量发展新路子，同时强调要坚持底线思维，以国土空间规划为依据，把城镇、农业、生态空间和生态保护红线、永久基本农田保护红线、城镇开发边界作为调整经济结构、规划产业发展、推进城镇化不可逾越的红线，立足本地资源禀赋特点、体现本地优势和特色。</span></span></p>\r\n\r\n<p><span style=\"color:#2ecc71\"><span style=\"background-color:#1abc9c\">　　</span><strong><span style=\"background-color:#1abc9c\">&ldquo;综合施治&rdquo;&mdash;&mdash;坚持自然恢复为主的方针</span></strong></span></p>\r\n\r\n<p><span style=\"color:#2ecc71\"><span style=\"background-color:#1abc9c\">　　生态系统保护是一项复杂工程，必须遵循生态系统内在的机理和规律，综合施治。</span></span></p>\r\n\r\n<p><span style=\"color:#2ecc71\"><span style=\"background-color:#1abc9c\">　　习近平强调，保护草原、森林是内蒙古生态系统保护的首要任务，要求坚持自然恢复为主的方针，因地制宜、分类施策，增强针对性、系统性、长效性。</span></span></p>\r\n\r\n<p><span style=\"color:#2ecc71\"><span style=\"background-color:#1abc9c\">　　与此同时，加大工作力度也要抓主要矛盾、集中力量打攻坚战。习近平指出，解决好人民群众反映强烈的突出环境问题，既是改善环境民生的迫切需要，也是加强生态文明建设的当务之急。</span></span></p>\r\n\r\n<p><span style=\"color:#2ecc71\"><span style=\"background-color:#1abc9c\">　　如何打好污染防治攻坚战，习近平提出具体要求。他强调，要保持攻坚力度和势头，坚决治理&ldquo;散乱污&rdquo;企业，继续推进重点区域大气环境综合整治，加快城镇、开发区、工业园区污水处理设施建设，深入推进农村牧区人居环境整治。要抓好内蒙古呼伦湖、乌梁素海、岱海的生态综合治理，对症下药，切实抓好落实。</span></span></p>\r\n\r\n<p><span style=\"color:#2ecc71\"><span style=\"background-color:#1abc9c\">责任编辑：王树淼</span></span></p>\r\n</div>\r\n\r\n<div class=\"article-bottom clearfix\" id=\"article-bottom\">\r\n<div class=\"btns\"><a class=\"btn-icon btn-feedback\" href=\"http://news.sina.com.cn/feedback/post.html\" target=\"_blank\"><span style=\"color:#2ecc71\"><span style=\"background-color:#1abc9c\">我要反馈</span></span></a></div>\r\n</div>\r\n\r\n<div class=\"blk-wxfollow clearfix\">\r\n<div class=\"wx-qr\"><span style=\"color:#2ecc71\"><img alt=\"新浪新闻公众号\" src=\"https://simg.sinajs.cn/products/news/items/2017/pc_news_article/img/news-code-f951f4.jpg\" style=\"height:80px; width:80px\" title=\"新浪新闻公众号\" /></span></div>\r\n\r\n<div class=\"wx-info\"><span style=\"color:#2ecc71\"><span style=\"background-color:#1abc9c\">新浪新闻公众号</span></span>\r\n\r\n<p><span style=\"color:#2ecc71\"><span style=\"background-color:#1abc9c\">更多猛料！欢迎扫描左方二维码关注新浪新闻官方微信（xinlang-xinwen）</span></span></p>\r\n</div>\r\n</div>\r\n</div>\r\n</div>\r\n', '1', '2019-03-07 16:17:00', '6', '0', '7', '');

-- ----------------------------
-- Table structure for articletype
-- ----------------------------
DROP TABLE IF EXISTS `articletype`;
CREATE TABLE `articletype` (
  `id` bigint(20) NOT NULL AUTO_INCREMENT,
  `code` int(11) NOT NULL,
  `name` varchar(255) NOT NULL,
  `description` varchar(255) NOT NULL,
  PRIMARY KEY (`id`),
  KEY `code` (`code`) USING HASH
) ENGINE=InnoDB AUTO_INCREMENT=11 DEFAULT CHARSET=utf8;

-- ----------------------------
-- Records of articletype
-- ----------------------------
INSERT INTO `articletype` VALUES ('1', '1', 'NEWS', '新闻');
INSERT INTO `articletype` VALUES ('2', '2', 'SPORT', '体育');
INSERT INTO `articletype` VALUES ('3', '3', 'ECONOMICS', '财经');
INSERT INTO `articletype` VALUES ('4', '4', 'AMUSEMENT', '娱乐');
INSERT INTO `articletype` VALUES ('5', '5', 'TECHNOLOGY', '科技');
INSERT INTO `articletype` VALUES ('6', '6', 'BLOG', '博客');
INSERT INTO `articletype` VALUES ('7', '7', 'IMAGE', '图片');
INSERT INTO `articletype` VALUES ('8', '8', 'CAR', '汽车');
INSERT INTO `articletype` VALUES ('9', '9', 'POLITY', '政治');
INSERT INTO `articletype` VALUES ('10', '10', 'HEALTH', '健康');

-- ----------------------------
-- Table structure for content
-- ----------------------------
DROP TABLE IF EXISTS `content`;
CREATE TABLE `content` (
  `ID` bigint(20) NOT NULL AUTO_INCREMENT,
  `CONTENT` varchar(255) DEFAULT NULL,
  `DATE` varchar(255) DEFAULT NULL,
  `ISCHECKED` int(11) DEFAULT NULL,
  `ARTICLEID` bigint(20) DEFAULT NULL,
  `USERID` bigint(20) DEFAULT NULL,
  PRIMARY KEY (`ID`),
  KEY `ARTICLEID` (`ARTICLEID`),
  KEY `USERID` (`USERID`),
  CONSTRAINT `content_ibfk_1` FOREIGN KEY (`ARTICLEID`) REFERENCES `article` (`id`),
  CONSTRAINT `content_ibfk_2` FOREIGN KEY (`USERID`) REFERENCES `user` (`id`)
) ENGINE=InnoDB AUTO_INCREMENT=52 DEFAULT CHARSET=utf8;

-- ----------------------------
-- Records of content
-- ----------------------------
INSERT INTO `content` VALUES ('47', '评论测试', '2018-12-25 17:55:23', '0', '35', '7');
INSERT INTO `content` VALUES ('49', 'sdfsdasd', '2018-12-27 14:28:54', '0', '36', '7');
INSERT INTO `content` VALUES ('50', '1231231', '2018-12-29 20:28:13', '0', '33', '6');
INSERT INTO `content` VALUES ('51', '就阿斯达所', '2019-03-07 16:19:52', '0', '10', '6');

-- ----------------------------
-- Table structure for user
-- ----------------------------
DROP TABLE IF EXISTS `user`;
CREATE TABLE `user` (
  `id` bigint(20) NOT NULL AUTO_INCREMENT,
  `userName` varchar(255) DEFAULT NULL,
  `loginname` varchar(255) NOT NULL,
  `password` varchar(255) NOT NULL,
  `phone` varchar(255) DEFAULT NULL,
  `post` varchar(255) DEFAULT NULL,
  `type` int(11) NOT NULL,
  PRIMARY KEY (`id`)
) ENGINE=InnoDB AUTO_INCREMENT=23 DEFAULT CHARSET=utf8;

-- ----------------------------
-- Records of user
-- ----------------------------
INSERT INTO `user` VALUES ('1', 'å°çº¢', 'xiaohong', 'xiaohong', '18722819871', '181@Foxmail.com', '3');
INSERT INTO `user` VALUES ('2', 'xioa', 'xiaohong', 'xiaohong', '18722819871', '181@Foxmail.com', '3');
INSERT INTO `user` VALUES ('3', 'xiaohong', 'xiaohong', 'xiaohong', '18722819871', '181@Foxmail.com', '3');
INSERT INTO `user` VALUES ('4', 'xiaohong', 'xiaohong', 'xiaohong', '18722819871', '181@Foxmail.com', '3');
INSERT INTO `user` VALUES ('5', 'xiaohong', 'xiaohong', 'xiaohong', '18722819871', '1@foxmail.com', '3');
INSERT INTO `user` VALUES ('6', '王', 'wang', 'wang', '18722819871', '11@foxmal', '1');
INSERT INTO `user` VALUES ('7', '管理员', 'root', 'root', '18722819871', '111@foxmai.com', '0');
INSERT INTO `user` VALUES ('8', '汤姆生', 'tom', 'tomtom', '18722819890', '1233@qq.com', '3');
INSERT INTO `user` VALUES ('9', '1231', '123123', '1231231231', '123123123213', null, '0');
INSERT INTO `user` VALUES ('10', '1231', '123123', 'adsa ', '123123123213', null, '0');
INSERT INTO `user` VALUES ('11', 'ejedfijsf', 'dskklsdamkl', 'dsfmdksmf', 'sdfmsdkm', null, '0');
INSERT INTO `user` VALUES ('12', 'èå¤è´å°ç', 'èå¤è´å°ç', 'sdfsdf', ' æ¾æ°´çµè´¹æ°´çµè´¹', null, '0');
INSERT INTO `user` VALUES ('13', 'èå¤è´å°ç', 'èå¤è´å°ç', 'ewrwe', ' æ¾æ°´çµè´¹æ°´çµè´¹', null, '0');
INSERT INTO `user` VALUES ('14', 'èå¤è´å°ç', 'èå¤è´å°ç', 'fs', ' æ¾æ°´çµè´¹æ°´çµè´¹', null, '0');
INSERT INTO `user` VALUES ('15', 'èå¤è´å°ç', 'èå¤è´å°ç', 'dsfsdfs', ' æ¾æ°´çµè´¹æ°´çµè´¹', null, '0');
INSERT INTO `user` VALUES ('16', 'èå¤è´å°ç', 'èå¤è´å°ç', 'reewr', ' æ¾æ°´çµè´¹æ°´çµè´¹', null, '0');
INSERT INTO `user` VALUES ('17', 'èå¤è´å°ç', 'èå¤è´å°ç', 'dssfd', ' æ¾æ°´çµè´¹æ°´çµè´¹', null, '0');
INSERT INTO `user` VALUES ('18', 'cxvsdcfsdf', 'asdasdasdas', 'asdasdas', 'asdasdasd', null, '0');
INSERT INTO `user` VALUES ('19', 'cxvsdcfsdf', 'asdasdasdas', 'sd', 'asdasdasd', null, '0');
INSERT INTO `user` VALUES ('20', 'cxvsdcfsdf', 'asdasdasdas', 'sdfsdfs', 'asdasdasd', null, '0');
INSERT INTO `user` VALUES ('21', 'ç¬¬ä¸æ¹å£«å¤§å¤«', 'æ°´çµè´¹æ°´çµè´¹ ', 'dsfsd', 'æ¾æ°´çµè´¹æ°´çµè´¹', null, '0');
INSERT INTO `user` VALUES ('22', 'asdf', 'asdf', 'asdfasdf', '18722819877', '11@qq.com', '3');
